Arguments: 
  /home/anargu/.nvm/versions/node/v18.18.0/bin/node /home/anargu/.node/corepack/yarn/1.22.15/bin/yarn.js

PATH: 
  /home/anargu/.cabal/bin:/home/anargu/.pyenv/shims:/home/anargu/.pyenv/plugins/pyenv-virtualenv/shims:/home/anargu/flutter/flutter_3.10.5/bin:/home/anargu/.pyenv/bin:/home/anargu/go/bin:/usr/local/go/bin/:/home/anargu/.nvm/versions/node/v18.18.0/bin:/home/anargu/.pyenv/versions/3.8.18/bin:/home/anargu/.pyenv/libexec:/home/anargu/.pyenv/plugins/python-build/bin:/home/anargu/.pyenv/plugins/pyenv-virtualenv/bin:/home/anargu/.pyenv/plugins/pyenv-update/bin:/home/anargu/.pyenv/plugins/pyenv-doctor/bin:/home/anargu/dev/tools/google-cloud-sdk/bin:/home/anargu/.cabal/bin:/home/anargu/flutter/flutter_3.10.5/bin:/home/anargu/.pyenv/bin:/home/anargu/go/bin:/usr/local/go/bin/:/home/anargu/.local/bin:/usr/local/sbin:/usr/local/bin:/usr/sbin:/usr/bin:/sbin:/bin:/usr/games:/usr/local/games:/snap/bin:/home/anargu/.ghcup/bin:/home/anargu/.ghcup/bin

Yarn version: 
  1.22.15

Node version: 
  18.18.0

Platform: 
  linux x64

Trace: 
  SyntaxError: Invalid value type 133:0 in /home/anargu/dev/projects/anargu.github.io/yarn.lock
      at Parser.unexpected (/home/anargu/.node/corepack/yarn/1.22.15/lib/cli.js:63485:11)
      at Parser.parse (/home/anargu/.node/corepack/yarn/1.22.15/lib/cli.js:63613:16)
      at Parser.parse (/home/anargu/.node/corepack/yarn/1.22.15/lib/cli.js:63590:26)
      at parse (/home/anargu/.node/corepack/yarn/1.22.15/lib/cli.js:63690:21)
      at module.exports.exports.default (/home/anargu/.node/corepack/yarn/1.22.15/lib/cli.js:63252:96)
      at Function.<anonymous> (/home/anargu/.node/corepack/yarn/1.22.15/lib/cli.js:3064:63)
      at Generator.next (<anonymous>)
      at step (/home/anargu/.node/corepack/yarn/1.22.15/lib/cli.js:310:30)
      at /home/anargu/.node/corepack/yarn/1.22.15/lib/cli.js:321:13

npm manifest: 
  {
    "name": "portfolio_anargu",
    "version": "1.0.0",
    "description": "",
    "main": "index.js",
    "scripts": {
      "watch:sass": "sass --watch src/sass/index.scss:_site/css/main.css",
      "build:sass": "sass src/sass/index.scss:_site/css/main.css",
      "watch:eleventy": "eleventy --serve",
      "build:eleventy": "eleventy",
      "test": "echo \"Error: no test specified\" && exit 1",
      "serve": "npm-run-all build:sass --parallel watch:*",
      "build": "npm-run-all build:*"
    },
    "keywords": [],
    "author": "",
    "license": "ISC",
    "devDependencies": {
      "@11ty/eleventy": "^0.12.1",
      "@11ty/eleventy-img": "^1.0.0",
      "@sherby/eleventy-plugin-files-minifier": "^1.1.1",
      "eleventy-plugin-date": "^1.0.0",
      "js-yaml": "^4.1.0",
      "lodash": "^4.17.21",
      "luxon": "^2.2.0",
      "npm-run-all": "^4.1.5",
      "postcss": "^8.4.5",
      "sass": "^1.45.0"
    }
  }

yarn manifest: 
  No manifest

Lockfile: 
  # THIS IS AN AUTOGENERATED FILE. DO NOT EDIT THIS FILE DIRECTLY.
  # yarn lockfile v1
  
  
  "@11ty/dependency-tree@^1.0.0":
    version "1.0.0"
    resolved "https://registry.npmjs.org/@11ty/dependency-tree/-/dependency-tree-1.0.0.tgz"
    integrity sha512-2FWYlkphQ/83MG7b9qqBJfJJ0K9zupNz/6n4EdDuNLw6hQHGp4Sp4UMDRyBvA/xCTYDBaPSuSjHuu45tSujegg==
  
  "@11ty/eleventy-cache-assets@^2.3.0":
    version "2.3.0"
    resolved "https://registry.npmjs.org/@11ty/eleventy-cache-assets/-/eleventy-cache-assets-2.3.0.tgz"
    integrity sha512-W8tvO00GlWaKt3ccpEStaUBoj9BE3EgzuD8uYChCfYbN2Q4HkEItkiapvIJT0zJwAwoMfnSq6VHPLScYlX2XCg==
    dependencies:
      debug "^4.3.1"
      flat-cache "^3.0.4"
      node-fetch "^2.6.1"
      p-queue "^6.6.2"
      short-hash "^1.0.0"
  
  "@11ty/eleventy-img@^1.0.0":
    version "1.0.0"
    resolved "https://registry.npmjs.org/@11ty/eleventy-img/-/eleventy-img-1.0.0.tgz"
    integrity sha512-JhndlE2l0TdedTUODqOHrk3ggdyKe1QHElfPDvyBeA7jouHYtm01NbPKXXaz5Y1+AoPfOXDaYg/Zp1Q8AF1hiQ==
    dependencies:
      "@11ty/eleventy-cache-assets" "^2.3.0"
      base64url "^3.0.1"
      debug "^4.3.2"
      image-size "^1.0.0"
      p-queue "^6.6.2"
      sharp "^0.29.1"
  
  "@11ty/eleventy@^0.12.1":
    version "0.12.1"
    resolved "https://registry.npmjs.org/@11ty/eleventy/-/eleventy-0.12.1.tgz"
    integrity sha512-YGG1Vk0IPXsExSAwIyv6zccxxlaxXLb4PvO/G+SW66Dsz2l1ZSObJuukVTLc6iMpqZCS+LZQNXnaqG9PuRmy7w==
    dependencies:
      "@11ty/dependency-tree" "^1.0.0"
      browser-sync "^2.26.14"
      chalk "^4.1.0"
      chokidar "^3.5.1"
      debug "^4.3.1"
      dependency-graph "^0.11.0"
      ejs "^2.7.4"
      fast-glob "^3.2.5"
      fs-extra "^8.1.0"
      gray-matter "^4.0.2"
      hamljs "^0.6.2"
      handlebars "^4.7.7"
      javascript-stringify "^2.0.1"
      liquidjs "^6.4.3"
      lodash "^4.17.21"
      luxon "^1.26.0"
      markdown-it "^10.0.0"
      minimist "^1.2.5"
      moo "^0.5.1"
      multimatch "^4.0.0"
      mustache "^2.3.2"
      normalize-path "^3.0.0"
      nunjucks "^3.2.3"
      parse-filepath "^1.0.2"
      please-upgrade-node "^3.2.0"
      pretty "^2.0.0"
      pug "^3.0.2"
      recursive-copy "^2.0.11"
      semver "^7.3.4"
      slugify "^1.4.7"
      time-require "^0.1.2"
      valid-url "^1.0.9"
  
  "@babel/helper-validator-identifier@^7.15.7":
    version "7.15.7"
    resolved "https://registry.npmjs.org/@babel/helper-validator-identifier/-/helper-validator-identifier-7.15.7.tgz"
    integrity sha512-K4JvCtQqad9OY2+yTU8w+E82ywk/fe+ELNlt1G8z3bVGlZfn/hOcQQsUhGhW/N+tb3fxK800wLtKOE/aM0m72w==
  
  "@babel/parser@^7.6.0", "@babel/parser@^7.9.6":
    version "7.16.6"
    resolved "https://registry.npmjs.org/@babel/parser/-/parser-7.16.6.tgz"
    integrity sha512-Gr86ujcNuPDnNOY8mi383Hvi8IYrJVJYuf3XcuBM/Dgd+bINn/7tHqsj+tKkoreMbmGsFLsltI/JJd8fOFWGDQ==
  
  "@babel/types@^7.6.1", "@babel/types@^7.9.6":
    version "7.16.0"
    resolved "https://registry.npmjs.org/@babel/types/-/types-7.16.0.tgz"
    integrity sha512-PJgg/k3SdLsGb3hhisFvtLOw5ts113klrpLuIPtCJIU+BB24fqq6lf8RWqKJEjzqXR9AEH1rIb5XTqwBHB+kQg==
    dependencies:
      "@babel/helper-validator-identifier" "^7.15.7"
      to-fast-properties "^2.0.0"
  
  "@nodelib/fs.scandir@2.1.5":
    version "2.1.5"
    resolved "https://registry.npmjs.org/@nodelib/fs.scandir/-/fs.scandir-2.1.5.tgz"
    integrity sha512-vq24Bq3ym5HEQm2NKCr3yXDwjc7vTsEThRDnkp2DK9p1uqLR+DHurm/NOTo0KG7HYHU7eppKZj3MyqYuMBf62g==
    dependencies:
      "@nodelib/fs.stat" "2.0.5"
      run-parallel "^1.1.9"
  
  "@nodelib/fs.stat@^2.0.2", "@nodelib/fs.stat@2.0.5":
    version "2.0.5"
    resolved "https://registry.npmjs.org/@nodelib/fs.stat/-/fs.stat-2.0.5.tgz"
    integrity sha512-RkhPPp2zrqDAQA/2jNhnztcPAlv64XdhIp7a7454A5ovI7Bukxgt7MX7udwAu3zg1DcpPU0rz3VV1SeaqvY4+A==
  
  "@nodelib/fs.walk@^1.2.3":
    version "1.2.8"
    resolved "https://registry.npmjs.org/@nodelib/fs.walk/-/fs.walk-1.2.8.tgz"
    integrity sha512-oGB+UxlgWcgQkgwo8GcEGwemoTFt3FIO9ababBmaGwXIoBKZ+GTy0pP185beGg7Llih/NSHSV2XAs1lnznocSg==
    dependencies:
      "@nodelib/fs.scandir" "2.1.5"
      fastq "^1.6.0"
  
  "@sherby/eleventy-plugin-files-minifier@^1.1.1":
    version "1.1.1"
    resolved "https://registry.npmjs.org/@sherby/eleventy-plugin-files-minifier/-/eleventy-plugin-files-minifier-1.1.1.tgz"
    integrity sha512-3gVtq4H6IJ3/l4mRsTHAOG/5AY8NXgXd0w1EXaXImzEThAOQ++/Mr95dF9u9wTCmmv+57SeG62/tJibtyL8JRA==
    dependencies:
      html-minifier "^4.0.0"
      pretty-data "^0.40.0"
  
  "@types/minimatch@^3.0.3":
    version "3.0.5"
    resolved "https://registry.npmjs.org/@types/minimatch/-/minimatch-3.0.5.tgz"
    integrity sha512-Klz949h02Gz2uZCMGwDUSDS1YBlTdDDgbWHi+81l29tQALUtvz4rAYi5uoVhE5Lagoq6DeqAUlbrHvW/mXDgdQ==
  
  a-sync-waterfall@^1.0.0:
    version "1.0.1"
    resolved "https://registry.npmjs.org/a-sync-waterfall/-/a-sync-waterfall-1.0.1.tgz"
    integrity sha512-RYTOHHdWipFUliRFMCS4X2Yn2X8M87V/OpSqWzKKOGhzqyUxzyVmhHDH9sAvG+ZuQf/TAOFsLCpMw09I1ufUnA==
  
  abbrev@1:
    version "1.1.1"
    resolved "https://registry.npmjs.org/abbrev/-/abbrev-1.1.1.tgz"
    integrity sha512-nne9/IiQ/hzIhY6pdDnbBtz7DjPTKrY00P/zvPSm5pOFkl6xuGrGnXn/VtTNNfNtAfZ9/1RtehkszU9qcTii0Q==
  
  accepts@~1.3.4:
    version "1.3.7"
    resolved "https://registry.npmjs.org/accepts/-/accepts-1.3.7.tgz"
    integrity sha512-Il80Qs2WjYlJIBNzNkK6KYqlVMTbZLXgHx2oT0pU/fjRHyEp+PEfEPY0R3WCwAGVOtauxh1hOxNgIf5bv7dQpA==
    dependencies:
      mime-types "~2.1.24"
      negotiator "0.6.2"
  
  acorn@^7.1.1:
    version "7.4.1"
    resolved "https://registry.npmjs.org/acorn/-/acorn-7.4.1.tgz"
    integrity sha512-nQyp0o1/mNdbTO1PO6kHkwSrmgZ0MT/jCCpNiwbUjGoRN4dlBhqJtoQuCnEOKzgTVwg0ZWiCoQy6SxMebQVh8A==
  
  after@0.8.2:
    version "0.8.2"
    resolved "https://registry.npmjs.org/after/-/after-0.8.2.tgz"
    integrity sha1-/ts5T58OAqqXaOcCvaI7UF+ufh8= sha512-QbJ0NTQ/I9DI3uSJA4cbexiwQeRAfjPScqIbSjUDd9TOrcg6pTkdgziesOqxBMBzit8vFCTwrP27t13vFOORRA==
  
  ansi-regex@^2.0.0:
    version "2.1.1"
    resolved "https://registry.npmjs.org/ansi-regex/-/ansi-regex-2.1.1.tgz"
    integrity sha1-w7M6te42DYbg5ijwRorn7yfWVN8= sha512-TIGnTpdo+E3+pCyAluZvtED5p5wCqLdezCyhPZzKPcxvFplEt4i+W7OONCKgeZFT3+y5NZZfOOS/Bdcanm1MYA==
  
  ansi-regex@^5.0.1:
    version "5.0.1"
    resolved "https://registry.npmjs.org/ansi-regex/-/ansi-regex-5.0.1.tgz"
    integrity sha512-quJQXlTSUGL2LH9SUXo8VwsY4soanhgo6LNSm84E1LBcE8s3O0wpdiRzyR9z/ZZJMlMWv37qOOb9pdJlMUEKFQ==
  
  ansi-styles@^2.2.1:
    version "2.2.1"
    resolved "https://registry.npmjs.org/ansi-styles/-/ansi-styles-2.2.1.tgz"
    integrity sha1-tDLdM1i2NM914eRmQ2gkBTPB3b4= sha512-kmCevFghRiWM7HB5zTPULl4r9bVFSWjz62MhqizDGUrq2NWuNMQyuv4tHHoKJHs69M/MF64lEcHdYIocrdWQYA==
  
  ansi-styles@^3.2.1:
    version "3.2.1"
    resolved "https://registry.npmjs.org/ansi-styles/-/ansi-styles-3.2.1.tgz"
    integrity sha512-VT0ZI6kZRdTh8YyJw3SMbYm/u+NqfsAxEpWO0Pf9sq8/e94WxxOpPKx9FR1FlyCtOVDNOQ+8ntlqFxiRc+r5qA==
    dependencies:
      color-convert "^1.9.0"
  
  ansi-styles@^4.0.0, ansi-styles@^4.1.0:
    version "4.3.0"
    resolved "https://registry.npmjs.org/ansi-styles/-/ansi-styles-4.3.0.tgz"
    integrity sha512-zbB9rCJAT1rbjiVDb2hqKFHNYLxgtk8NURxZ3IZwD3F6NtxbXZQCnnSi1Lkx+IDohdPlFp222wVALIheZJQSEg==
    dependencies:
      color-convert "^2.0.1"
  
  ansi-styles@~1.0.0:
    version "1.0.0"
    resolved "https://registry.npmjs.org/ansi-styles/-/ansi-styles-1.0.0.tgz"
    integrity sha1-yxAt8cVvUSPquLZ817mAJ6AnkXg= sha512-3iF4FIKdxaVYT3JqQuY3Wat/T2t7TRbbQ94Fu50ZUCbLy4TFbTzr90NOHQodQkNqmeEGCw8WbeP78WNi6SKYUA==
  
  anymatch@~3.1.2:
    version "3.1.2"
    resolved "https://registry.npmjs.org/anymatch/-/anymatch-3.1.2.tgz"
    integrity sha512-P43ePfOAIupkguHUycrc4qJ9kz8ZiuOUijaETwX7THt0Y/GNK7v0aa8rY816xWjZ7rJdA5XdMcpVFTKMq+RvWg==
    dependencies:
      normalize-path "^3.0.0"
      picomatch "^2.0.4"
  
  aproba@^1.0.3:
    version "1.2.0"
    resolved "https://registry.npmjs.org/aproba/-/aproba-1.2.0.tgz"
    integrity sha512-Y9J6ZjXtoYh8RnXVCMOU/ttDmk1aBjunq9vO0ta5x85WDQiQfUF9sIPBITdbiiIVcBo03Hi3jMxigBtsddlXRw==
  
  are-we-there-yet@~1.1.2:
    version "1.1.7"
    resolved "https://registry.npmjs.org/are-we-there-yet/-/are-we-there-yet-1.1.7.tgz"
    integrity sha512-nxwy40TuMiUGqMyRHgCSWZ9FM4VAoRP4xUYSTv5ImRog+h9yISPbVH7H8fASCIzYn9wlEv4zvFL7uKDMCFQm3g==
    dependencies:
      delegates "^1.0.0"
      readable-stream "^2.0.6"
  
  argparse@^1.0.7:
    version "1.0.10"
    resolved "https://registry.npmjs.org/argparse/-/argparse-1.0.10.tgz"
    integrity sha512-o5Roy6tNG4SL/FOkCAN6RzjiakZS25RLYFrcMttJqbdd8BWrnA+fGz57iN5Pb06pvBGvl5gQ0B48dJlslXvoTg==
    dependencies:
      sprintf-js "~1.0.2"
  
  argparse@^2.0.1:
    version "2.0.1"
    resolved "https://registry.npmjs.org/argparse/-/argparse-2.0.1.tgz"
    integrity sha512-8+9WqebbFzpX9OR+Wa6O29asIogeRMzcGtAINdpMHHyAg10f05aSFVBbcEqGf/PXw1EjAZ+q2/bEBg3DvurK3Q==
  
  array-differ@^1.0.0:
    version "1.0.0"
    resolved "https://registry.npmjs.org/array-differ/-/array-differ-1.0.0.tgz"
    integrity sha1-7/UuN1gknTO+QCuLuOVkuytdQDE= sha512-LeZY+DZDRnvP7eMuQ6LHfCzUGxAAIViUBliK24P3hWXL6y4SortgR6Nim6xrkfSLlmH0+k+9NYNwVC2s53ZrYQ==
  
  array-differ@^3.0.0:
    version "3.0.0"
    resolved "https://registry.npmjs.org/array-differ/-/array-differ-3.0.0.tgz"
    integrity sha512-THtfYS6KtME/yIAhKjZ2ul7XI96lQGHRputJQHO80LAWQnuGP4iCIN8vdMRboGbIEYBwU33q8Tch1os2+X0kMg==
  
  array-union@^1.0.1:
    version "1.0.2"
    resolved "https://registry.npmjs.org/array-union/-/array-union-1.0.2.tgz"
    integrity sha1-mjRBDk9OPaI96jdb5b5w8kd47Dk= sha512-Dxr6QJj/RdU/hCaBjOfxW+q6lyuVE6JFWIrAUpuOOhoJJoQ99cUn3igRaHVB5P9WrgFVN0FfArM3x0cueOU8ng==
    dependencies:
      array-uniq "^1.0.1"
  
  array-union@^2.1.0:
    version "2.1.0"
    resolved "https://registry.npmjs.org/array-union/-/array-union-2.1.0.tgz"
    integrity sha512-HGyxoOTYUyCM6stUe6EJgnd4EoewAI7zMdfqO+kGjnlZmBDz/cR5pf8r/cR4Wq60sL/p0IkcjUEEPwS3GFrIyw==
  
  array-uniq@^1.0.1:
    version "1.0.3"
    resolved "https://registry.npmjs.org/array-uniq/-/array-uniq-1.0.3.tgz"
    integrity sha1-r2rId6Jcx/dOBYiUdThY39sk/bY= sha512-MNha4BWQ6JbwhFhj03YK552f7cb3AzoE8SzeljgChvL1dl3IcvggXVz1DilzySZkCja+CXuZbdW7yATchWn8/Q==
  
  arraybuffer.slice@~0.0.7:
    version "0.0.7"
    resolved "https://registry.npmjs.org/arraybuffer.slice/-/arraybuffer.slice-0.0.7.tgz"
    integrity sha512-wGUIVQXuehL5TCqQun8OW81jGzAWycqzFF8lFp+GOM5BXLYj3bKNsYC4daB7n6XjCqxQA/qgTJ+8ANR3acjrog==
  
  arrify@^1.0.0:
    version "1.0.1"
    resolved "https://registry.npmjs.org/arrify/-/arrify-1.0.1.tgz"
    integrity sha1-iYUI2iIm84DfkEcoRWhJwVAaSw0= sha512-3CYzex9M9FGQjCGMGyi6/31c8GJbgb0qGyrx5HWxPd0aCwh4cB2YjMb2Xf9UuoogrMrlO9cTqnB5rI5GHZTcUA==
  
  arrify@^2.0.1:
    version "2.0.1"
    resolved "https://registry.npmjs.org/arrify/-/arrify-2.0.1.tgz"
    integrity sha512-3duEwti880xqi4eAMN8AyR4a0ByT90zoYdLlevfrvU43vb0YZwZVfxOgxWrLXXXpyugL0hNZc9G6BiB5B3nUug==
  
  asap@^2.0.3, asap@~2.0.3:
    version "2.0.6"
    resolved "https://registry.npmjs.org/asap/-/asap-2.0.6.tgz"
    integrity sha1-5QNHYR1+aQlDIIu9r+vLwvuGbUY= sha512-BSHWgDSAiKs50o2Re8ppvp3seVHXSRM44cdSsT9FfNEUUZLOGWVCsiWaRPWM1Znn+mqZ1OfVZ3z3DWEzSp7hRA==
  
  assert-never@^1.2.1:
    version "1.2.1"
    resolved "https://registry.npmjs.org/assert-never/-/assert-never-1.2.1.tgz"
    integrity sha512-TaTivMB6pYI1kXwrFlEhLeGfOqoDNdTxjCdwRfFFkEA30Eu+k48W34nlok2EYWJfFFzqaEmichdNM7th6M5HNw==
  
  async-each-series@0.1.1:
    version "0.1.1"
    resolved "https://registry.npmjs.org/async-each-series/-/async-each-series-0.1.1.tgz"
    integrity sha1-dhfBkXQB/Yykooqtzj266Yr+tDI= sha512-p4jj6Fws4Iy2m0iCmI2am2ZNZCgbdgE+P8F/8csmn2vx7ixXrO2zGcuNsD46X5uZSVecmkEy/M06X2vG8KD6dQ==
  
  async@1.5.2:
    version "1.5.2"
    resolved "https://registry.npmjs.org/async/-/async-1.5.2.tgz"
    integrity sha1-7GphrlZIDAw8skHJVhjiCJL5Zyo= sha512-nSVgobk4rv61R9PUSDtYt7mPVB2olxNR5RWJcAsH676/ef11bUZwvu7+RGYrYauVdDPcO519v68wRhXQtxsV9w==
  
  axios@0.21.4:
    version "0.21.4"
    resolved "https://registry.npmjs.org/axios/-/axios-0.21.4.tgz"
    integrity sha512-ut5vewkiu8jjGBdqpM44XxjuCjq9LAKeHVmoVfHVzy8eHgxxq8SbAVQNovDA8mVi05kP0Ea/n/UzcSHcTJQfNg==
    dependencies:
      follow-redirects "^1.14.0"
  
  babel-walk@3.0.0-canary-5:
    version "3.0.0-canary-5"
    resolved "https://registry.npmjs.org/babel-walk/-/babel-walk-3.0.0-canary-5.tgz"
    integrity sha512-GAwkz0AihzY5bkwIY5QDR+LvsRQgB/B+1foMPvi0FZPMl5fjD7ICiznUiBdLYMH1QYe6vqu4gWYytZOccLouFw==
    dependencies:
      "@babel/types" "^7.9.6"
  
  backo2@1.0.2:
    version "1.0.2"
    resolved "https://registry.npmjs.org/backo2/-/backo2-1.0.2.tgz"
    integrity sha1-MasayLEpNjRj41s+u2n038+6eUc= sha512-zj6Z6M7Eq+PBZ7PQxl5NT665MvJdAkzp0f60nAJ+sLaSCBPMwVak5ZegFbgVCzFcCJTKFoMizvM5Ld7+JrRJHA==
  
  balanced-match@^1.0.0:
    version "1.0.2"
    resolved "https://registry.npmjs.org/balanced-match/-/balanced-match-1.0.2.tgz"
    integrity sha512-3oSeUO0TMV67hN1AmbXsK4yaqU7tjiHlbxRDZOpH0KW9+CeX4bRAaX0Anxt0tx2MrpRpWwQaPwIlISEJhYU5Pw==
  
  base64-arraybuffer@0.1.4:
    version "0.1.4"
    resolved "https://registry.npmjs.org/base64-arraybuffer/-/base64-arraybuffer-0.1.4.tgz"
    integrity sha1-mBjHngWbE1X5fgQooBfIOOkLqBI= sha512-a1eIFi4R9ySrbiMuyTGx5e92uRH5tQY6kArNcFaKBUleIoLjdjBg7Zxm3Mqm3Kmkf27HLR/1fnxX9q8GQ7Iavg==
  
  base64-js@^1.3.1:
    version "1.5.1"
    resolved "https://registry.npmjs.org/base64-js/-/base64-js-1.5.1.tgz"
    integrity sha512-AKpaYlHn8t4SVbOHCy+b5+KKgvR4vrsD8vbvrbiQJps7fKDTkjkDry6ji0rUJjC0kzbNePLwzxq8iypo41qeWA==
  
  base64id@2.0.0:
    version "2.0.0"
    resolved "https://registry.npmjs.org/base64id/-/base64id-2.0.0.tgz"
    integrity sha512-lGe34o6EHj9y3Kts9R4ZYs/Gr+6N7MCaMlIFA3F1R2O5/m7K06AxfSeO5530PEERE6/WyEg3lsuyw4GHlPZHog==
  
  base64url@^3.0.1:
    version "3.0.1"
    resolved "https://registry.npmjs.org/base64url/-/base64url-3.0.1.tgz"
    integrity sha512-ir1UPr3dkwexU7FdV8qBBbNDRUhMmIekYMFZfi+C/sLNnRESKPl23nB9b2pltqfOQNnGzsDdId90AEtG5tCx4A==
  
  batch@0.6.1:
    version "0.6.1"
    resolved "https://registry.npmjs.org/batch/-/batch-0.6.1.tgz"
    integrity sha1-3DQxT05nkxgJP8dgJyUl+UvyXBY= sha512-x+VAiMRL6UPkx+kudNvxTl6hB2XNNCG2r+7wixVfIYwu/2HKRXimwQyaumLjMveWvT2Hkd/cAJw+QBMfJ/EKVw==
  
  binary-extensions@^2.0.0:
    version "2.2.0"
    resolved "https://registry.npmjs.org/binary-extensions/-/binary-extensions-2.2.0.tgz"
    integrity sha512-jDctJ/IVQbZoJykoeHbhXpOlNBqGNcwXJKJog42E5HDPUwQTSdjCHdihjj0DlnheQ7blbT6dHOafNAiS8ooQKA==
  
  bl@^4.0.3:
    version "4.1.0"
    resolved "https://registry.npmjs.org/bl/-/bl-4.1.0.tgz"
    integrity sha512-1W07cM9gS6DcLperZfFSj+bWLtaPGSOHWhPiGzXmvVJbRLdG82sH/Kn8EtW1VqWVA54AKf2h5k5BbnIbwF3h6w==
    dependencies:
      buffer "^5.5.0"
      inherits "^2.0.4"
      readable-stream "^3.4.0"
  
  blob@0.0.5:
    version "0.0.5"
    resolved "https://registry.npmjs.org/blob/-/blob-0.0.5.tgz"
    integrity sha512-gaqbzQPqOoamawKg0LGVd7SzLgXS+JH61oWprSLH+P+abTczqJbhTR8CmJ2u9/bUYNmHTGJx/UEmn6doAvvuig==
  
  brace-expansion@^1.1.7:
    version "1.1.11"
    resolved "https://registry.npmjs.org/brace-expansion/-/brace-expansion-1.1.11.tgz"
    integrity sha512-iCuPHDFgrHX7H2vEI/5xpz07zSHB00TpugqhmYtVmMO6518mCuRMoOYFldEBl0g187ufozdaHgWKcYFb61qGiA==
    dependencies:
      balanced-match "^1.0.0"
      concat-map "0.0.1"
  
  braces@^3.0.1, braces@~3.0.2:
    version "3.0.2"
    resolved "https://registry.npmjs.org/braces/-/braces-3.0.2.tgz"
    integrity sha512-b8um+L1RzM3WDSzvhm6gIz1yfTbBt6YTlcEKAvsmqCZZFw46z626lVj9j1yEPW33H5H+lBQpZMP1k8l+78Ha0A==
    dependencies:
      fill-range "^7.0.1"
  
  browser-sync-client@^2.27.7:
    version "2.27.7"
    resolved "https://registry.npmjs.org/browser-sync-client/-/browser-sync-client-2.27.7.tgz"
    integrity sha512-wKg9UP9a4sCIkBBAXUdbkdWFJzfSAQizGh+nC19W9y9zOo9s5jqeYRFUUbs7x5WKhjtspT+xetVp9AtBJ6BmWg==
    dependencies:
      etag "1.8.1"
      fresh "0.5.2"
      mitt "^1.1.3"
      rxjs "^5.5.6"
  
  browser-sync-ui@^2.27.7:
    version "2.27.7"
    resolved "https://registry.npmjs.org/browser-sync-ui/-/browser-sync-ui-2.27.7.tgz"
    integrity sha512-Bt4OQpx9p18OIzk0KKyu7jqlvmjacasUlk8ARY3uuIyiFWSBiRgr2i6XY8dEMF14DtbooaEBOpHEu9VCYvMcCw==
    dependencies:
      async-each-series "0.1.1"
      connect-history-api-fallback "^1"
      immutable "^3"
      server-destroy "1.0.1"
      socket.io-client "^2.4.0"
      stream-throttle "^0.1.3"
  
  browser-sync@^2.26.14:
    version "2.27.7"
    resolved "https://registry.npmjs.org/browser-sync/-/browser-sync-2.27.7.tgz"
    integrity sha512-9ElnnA/u+s2Jd+IgY+2SImB+sAEIteHsMG0NR96m7Ph/wztpvJCUpyC2on1KqmG9iAp941j+5jfmd34tEguGbg==
    dependencies:
      browser-sync-client "^2.27.7"
      browser-sync-ui "^2.27.7"
      bs-recipes "1.3.4"
      bs-snippet-injector "^2.0.1"
      chokidar "^3.5.1"
      connect "3.6.6"
      connect-history-api-fallback "^1"
      dev-ip "^1.0.1"
      easy-extender "^2.3.4"
      eazy-logger "3.1.0"
      etag "^1.8.1"
      fresh "^0.5.2"
      fs-extra "3.0.1"
      http-proxy "^1.18.1"
      immutable "^3"
      localtunnel "^2.0.1"
      micromatch "^4.0.2"
      opn "5.3.0"
      portscanner "2.1.1"
      qs "6.2.3"
      raw-body "^2.3.2"
      resp-modifier "6.0.2"
      rx "4.1.0"
      send "0.16.2"
      serve-index "1.9.1"
      serve-static "1.13.2"
      server-destroy "1.0.1"
      socket.io "2.4.0"
      ua-parser-js "1.0.2"
      yargs "^15.4.1"
  
  bs-recipes@1.3.4:
    version "1.3.4"
    resolved "https://registry.npmjs.org/bs-recipes/-/bs-recipes-1.3.4.tgz"
    integrity sha1-DS1NSKcYyMBEdp/cT4lZLci2lYU= sha512-BXvDkqhDNxXEjeGM8LFkSbR+jzmP/CYpCiVKYn+soB1dDldeU15EBNDkwVXndKuX35wnNUaPd0qSoQEAkmQtMw==
  
  bs-snippet-injector@^2.0.1:
    version "2.0.1"
    resolved "https://registry.npmjs.org/bs-snippet-injector/-/bs-snippet-injector-2.0.1.tgz"
    integrity sha1-YbU5PxH1JVntEgaTEANDtu2wTdU= sha512-4u8IgB+L9L+S5hknOj3ddNSb42436gsnGm1AuM15B7CdbkpQTyVWgIM5/JUBiKiRwGOR86uo0Lu/OsX+SAlJmw==
  
  buffer@^5.5.0:
    version "5.7.1"
    resolved "https://registry.npmjs.org/buffer/-/buffer-5.7.1.tgz"
    integrity sha512-EHcyIPBQ4BSGlvjB16k5KgAJ27CIsHY/2JBmCRReo48y9rQ3MaUzWX3KVlBa4U7MyX02HdVj0K7C3WaB3ju7FQ==
    dependencies:
      base64-js "^1.3.1"
      ieee754 "^1.1.13"
  
  bytes@3.1.1:
    version "3.1.1"
    resolved "https://registry.npmjs.org/bytes/-/bytes-3.1.1.tgz"
    integrity sha512-dWe4nWO/ruEOY7HkUJ5gFt1DCFV9zPRoJr8pV0/ASQermOZjtq8jMjOprC0Kd10GLN+l7xaUPvxzJFWtxGu8Fg==
  
  call-bind@^1.0.0, call-bind@^1.0.2:
    version "1.0.2"
    resolved "https://registry.npmjs.org/call-bind/-/call-bind-1.0.2.tgz"
    integrity sha512-7O+FbCihrB5WGbFYesctwmTKae6rOiIzmz1icreWJ+0aA7LJfuqhEso2T9ncpcFtzMQtzXf2QGGueWJGTYsqrA==
    dependencies:
      function-bind "^1.1.1"
      get-intrinsic "^1.0.2"
  
  camel-case@^3.0.0:
    version "3.0.0"
    resolved "https://registry.npmjs.org/camel-case/-/camel-case-3.0.0.tgz"
    integrity sha1-yjw2iKTpzzpM2nd9xNy8cTJJz3M= sha512-+MbKztAYHXPr1jNTSKQF52VpcFjwY5RkR7fxksV8Doo4KAYc5Fl4UJRgthBbTmEx8C54DqahhbLJkDwjI3PI/w==
    dependencies:
      no-case "^2.2.0"
      upper-case "^1.1.1"
  
  camelcase@^5.0.0:
    version "5.3.1"
    resolved "https://registry.npmjs.org/camelcase/-/camelcase-5.3.1.tgz"
    integrity sha512-L28STB170nwWS63UjtlEOE3dldQApaJXZkOI1uMFfzf3rRuPegHaHesyee+YxQ+W6SvRDQV6UrdOdRiR153wJg==
  
  chalk@^0.4.0:
    version "0.4.0"
    resolved "https://registry.npmjs.org/chalk/-/chalk-0.4.0.tgz"
    integrity sha1-UZmj3c0MHv4jvAjBsCewYXbgxk8= sha512-sQfYDlfv2DGVtjdoQqxS0cEZDroyG8h6TamA6rvxwlrU5BaSLDx9xhatBYl2pxZ7gmpNaPFVwBtdGdu5rQ+tYQ==
    dependencies:
      ansi-styles "~1.0.0"
      has-color "~0.1.0"
      strip-ansi "~0.1.0"
  
  chalk@^1.1.3:
    version "1.1.3"
    resolved "https://registry.npmjs.org/chalk/-/chalk-1.1.3.tgz"
    integrity sha1-qBFcVeSnAv5NFQq9OHKCKn4J/Jg= sha512-U3lRVLMSlsCfjqYPbLyVv11M9CPW4I728d6TCKMAOJueEeB9/8o+eSsMnxPJD+Q+K909sdESg7C+tIkoH6on1A==
    dependencies:
      ansi-styles "^2.2.1"
      escape-string-regexp "^1.0.2"
      has-ansi "^2.0.0"
      strip-ansi "^3.0.0"
      supports-color "^2.0.0"
  
  chalk@^2.4.1:
    version "2.4.2"
    resolved "https://registry.npmjs.org/chalk/-/chalk-2.4.2.tgz"
    integrity sha512-Mti+f9lpJNcwF4tWV8/OrTTtF1gZi+f8FqlyAdouralcFWFQWF2+NgCHShjkCb+IFBLq9buZwE1xckQU4peSuQ==
    dependencies:
      ansi-styles "^3.2.1"
      escape-string-regexp "^1.0.5"
      supports-color "^5.3.0"
  
  chalk@^4.1.0:
    version "4.1.2"
    resolved "https://registry.npmjs.org/chalk/-/chalk-4.1.2.tgz"
    integrity sha512-oKnbhFyRIXpUuez8iBMmyEa4nbj4IOQyuhc/wy9kY7/WVPcwIO9VA668Pu8RkO7+0G76SLROeyw9CpQ061i4mA==
    dependencies:
      ansi-styles "^4.1.0"
      supports-color "^7.1.0"
  
  character-parser@^2.2.0:
    version "2.2.0"
    resolved "https://registry.npmjs.org/character-parser/-/character-parser-2.2.0.tgz"
    integrity sha1-x84o821LzZdE5f/CxfzeHHMmH8A= sha512-+UqJQjFEFaTAs3bNsF2j2kEN1baG/zghZbdqoYEDxGZtJo9LBzl1A+m0D4n3qKx8N2FNv8/Xp6yV9mQmBuptaw==
    dependencies:
      is-regex "^1.0.3"
  
  chokidar@^3.3.0, chokidar@^3.5.1, "chokidar@>=3.0.0 <4.0.0":
    version "3.5.2"
    resolved "https://registry.npmjs.org/chokidar/-/chokidar-3.5.2.tgz"
    integrity sha512-ekGhOnNVPgT77r4K/U3GDhu+FQ2S8TnK/s2KbIGXi0SZWuwkZ2QNyfWdZW+TVfn84DpEP7rLeCt2UI6bJ8GwbQ==
    dependencies:
      anymatch "~3.1.2"
      braces "~3.0.2"
      glob-parent "~5.1.2"
      is-binary-path "~2.1.0"
      is-glob "~4.0.1"
      normalize-path "~3.0.0"
      readdirp "~3.6.0"
    optionalDependencies:
      fsevents "~2.3.2"
  
  chownr@^1.1.1:
    version "1.1.4"
    resolved "https://registry.npmjs.org/chownr/-/chownr-1.1.4.tgz"
    integrity sha512-jJ0bqzaylmJtVnNgzTeSOs8DPavpbYgEr/b0YL8/2GO3xJEhInFmhKMUnEJQjZumK7KXGFhUy89PrsJWlakBVg==
  
  clean-css@^4.2.1:
    version "4.2.4"
    resolved "https://registry.npmjs.org/clean-css/-/clean-css-4.2.4.tgz"
    integrity sha512-EJUDT7nDVFDvaQgAo2G/PJvxmp1o/c6iXLbswsBbUFXi1Nr+AjA2cKmfbKDMjMvzEe75g3P6JkaDDAKk96A85A==
    dependencies:
      source-map "~0.6.0"
  
  cliui@^6.0.0:
    version "6.0.0"
    resolved "https://registry.npmjs.org/cliui/-/cliui-6.0.0.tgz"
    integrity sha512-t6wbgtoCXvAzst7QgXxJYqPt0usEfbgQdftEPbLL/cvv6HPE5VgvqCuAIDR0NgU52ds6rFwqrgakNLrHEjCbrQ==
    dependencies:
      string-width "^4.2.0"
      strip-ansi "^6.0.0"
      wrap-ansi "^6.2.0"
  
  cliui@^7.0.2:
    version "7.0.4"
    resolved "https://registry.npmjs.org/cliui/-/cliui-7.0.4.tgz"
    integrity sha512-OcRE68cOsVMXp1Yvonl/fzkQOyjLSu/8bhPDfQt0e0/Eb283TKP20Fs2MqoPsr9SwA595rRCA+QMzYc9nBP+JQ==
    dependencies:
      string-width "^4.2.0"
      strip-ansi "^6.0.0"
      wrap-ansi "^7.0.0"
  
  code-point-at@^1.0.0:
    version "1.1.0"
    resolved "https://registry.npmjs.org/code-point-at/-/code-point-at-1.1.0.tgz"
    integrity sha1-DQcLTQQ6W+ozovGkDi7bPZpMz3c= sha512-RpAVKQA5T63xEj6/giIbUEtZwJ4UFIc3ZtvEkiaUERylqe8xb5IvqcgOurZLahv93CLKfxcw5YI+DZcUBRyLXA==
  
  color-convert@^1.9.0:
    version "1.9.3"
    resolved "https://registry.npmjs.org/color-convert/-/color-convert-1.9.3.tgz"
    integrity sha512-QfAUtd+vFdAtFQcC8CCyYt1fYWxSqAiK2cSD6zDB8N3cpsEBAvRxp9zOGg6G/SHHJYAT88/az/IuDGALsNVbGg==
    dependencies:
      color-name "1.1.3"
  
  color-convert@^2.0.1:
    version "2.0.1"
    resolved "https://registry.npmjs.org/color-convert/-/color-convert-2.0.1.tgz"
    integrity sha512-RRECPsj7iu/xb5oKYcsFHSppFNnsj/52OVTRKb4zP5onXwVF3zVmmToNcOfGC+CRDpfK/U584fMg38ZHCaElKQ==
    dependencies:
      color-name "~1.1.4"
  
  color-name@^1.0.0, color-name@~1.1.4:
    version "1.1.4"
    resolved "https://registry.npmjs.org/color-name/-/color-name-1.1.4.tgz"
    integrity sha512-dOy+3AuW3a2wNbZHIuMZpTcgjGuLU/uBL/ubcZF9OXbDo8ff4O8yVp5Bf0efS8uEoYo5q4Fx7dY9OgQGXgAsQA==
  
  color-name@1.1.3:
    version "1.1.3"
    resolved "https://registry.npmjs.org/color-name/-/color-name-1.1.3.tgz"
    integrity sha1-p9BVi9icQveV3UIyj3QIMcpTvCU= sha512-72fSenhMw2HZMTVHeCA9KCmpEIbzWiQsjN+BHcBbS9vr1mtt+vJjPdksIBNUmKAW8TFUDPJK5SUU3QhE9NEXDw==
  
  color-string@^1.9.0:
    version "1.9.0"
    resolved "https://registry.npmjs.org/color-string/-/color-string-1.9.0.tgz"
    integrity sha512-9Mrz2AQLefkH1UvASKj6v6hj/7eWgjnT/cVsR8CumieLoT+g900exWeNogqtweI8dxloXN9BDQTYro1oWu/5CQ==
    dependencies:
      color-name "^1.0.0"
      simple-swizzle "^0.2.2"
  
  color@^4.0.1:
    version "4.1.0"
    resolved "https://registry.npmjs.org/color/-/color-4.1.0.tgz"
    integrity sha512-o2rkkxyLGgYoeUy1OodXpbPAQNmlNBrirQ8ODO8QutzDiDMNdezSOZLNnusQ6pUpCQJUsaJIo9DZJKqa2HgH7A==
    dependencies:
      color-convert "^2.0.1"
      color-string "^1.9.0"
  
  commander@^2.19.0, commander@^2.2.0:
    version "2.20.3"
    resolved "https://registry.npmjs.org/commander/-/commander-2.20.3.tgz"
    integrity sha512-GpVkmM8vF2vQUkj2LvZmD35JxeJOLCwJ9cUkugyk2nuhbv3+mJvpLYYt+0+USMxE+oj+ey/lJEnhZw75x/OMcQ==
  
  commander@^5.1.0:
    version "5.1.0"
    resolved "https://registry.npmjs.org/commander/-/commander-5.1.0.tgz"
    integrity sha512-P0CysNDQ7rtVw4QIQtm+MRxV66vKFSvlsQvGYXZWR3qFU0jlMKHZZZgw8e+8DSah4UDKMqnknRDQz+xuQXQ/Zg==
  
  component-bind@1.0.0:
    version "1.0.0"
    resolved "https://registry.npmjs.org/component-bind/-/component-bind-1.0.0.tgz"
    integrity sha1-AMYIq33Nk4l8AAllGx06jh5zu9E= sha512-WZveuKPeKAG9qY+FkYDeADzdHyTYdIboXS59ixDeRJL5ZhxpqUnxSOwop4FQjMsiYm3/Or8cegVbpAHNA7pHxw==
  
  component-emitter@~1.3.0:
    version "1.3.0"
    resolved "https://registry.npmjs.org/component-emitter/-/component-emitter-1.3.0.tgz"
    integrity sha512-Rd3se6QB+sO1TwqZjscQrurpEPIfO0/yYnSin6Q/rD3mOutHvUrCAhJub3r90uNb+SESBuE0QYoB90YdfatsRg==
  
  component-emitter@1.2.1:
    version "1.2.1"
    resolved "https://registry.npmjs.org/component-emitter/-/component-emitter-1.2.1.tgz"
    integrity sha1-E3kY1teCg/ffemt8WmPhQOaUJeY= sha512-jPatnhd33viNplKjqXKRkGU345p263OIWzDL2wH3LGIGp5Kojo+uXizHmOADRvhGFFTnJqX3jBAKP6vvmSDKcA==
  
  component-inherit@0.0.3:
    version "0.0.3"
    resolved "https://registry.npmjs.org/component-inherit/-/component-inherit-0.0.3.tgz"
    integrity sha1-ZF/ErfWLcrZJ1crmUTVhnbJv8UM= sha512-w+LhYREhatpVqTESyGFg3NlP6Iu0kEKUHETY9GoZP/pQyW4mHFZuFWRUCIqVPZ36ueVLtoOEZaAqbCF2RDndaA==
  
  concat-map@0.0.1:
    version "0.0.1"
    resolved "https://registry.npmjs.org/concat-map/-/concat-map-0.0.1.tgz"
    integrity sha1-2Klr13/Wjfd5OnMDajug1UBdR3s= sha512-/Srv4dswyQNBfohGpz9o6Yb3Gz3SrUDqBH5rTuhGR7ahtlbYKnVxw2bCFMRljaA7EXHaXZ8wsHdodFvbkhKmqg==
  
  condense-newlines@^0.2.1:
    version "0.2.1"
    resolved "https://registry.npmjs.org/condense-newlines/-/condense-newlines-0.2.1.tgz"
    integrity sha1-PemFVTE5R10yUCyDsC9gaE0kxV8= sha512-P7X+QL9Hb9B/c8HI5BFFKmjgBu2XpQuF98WZ9XkO+dBGgk5XgwiQz7o1SmpglNWId3581UcS0SFAWfoIhMHPfg==
    dependencies:
      extend-shallow "^2.0.1"
      is-whitespace "^0.3.0"
      kind-of "^3.0.2"
  
  config-chain@^1.1.12:
    version "1.1.13"
    resolved "https://registry.npmjs.org/config-chain/-/config-chain-1.1.13.tgz"
    integrity sha512-qj+f8APARXHrM0hraqXYb2/bOVSV4PvJQlNZ/DVj0QrmNM2q2euizkeuVckQ57J+W0mRH6Hvi+k50M4Jul2VRQ==
    dependencies:
      ini "^1.3.4"
      proto-list "~1.2.1"
  
  connect-history-api-fallback@^1:
    version "1.6.0"
    resolved "https://registry.npmjs.org/connect-history-api-fallback/-/connect-history-api-fallback-1.6.0.tgz"
    integrity sha512-e54B99q/OUoH64zYYRf3HBP5z24G38h5D3qXu23JGRoigpX5Ss4r9ZnDk3g0Z8uQC2x2lPaJ+UlWBc1ZWBWdLg==
  
  connect@3.6.6:
    version "3.6.6"
    resolved "https://registry.npmjs.org/connect/-/connect-3.6.6.tgz"
    integrity sha1-Ce/2xVr3I24TcTWnJXSFi2eG9SQ= sha512-OO7axMmPpu/2XuX1+2Yrg0ddju31B6xLZMWkJ5rYBu4YRmRVlOjvlY6kw2FJKiAzyxGwnrDUAG4s1Pf0sbBMCQ==
    dependencies:
      debug "2.6.9"
      finalhandler "1.1.0"
      parseurl "~1.3.2"
      utils-merge "1.0.1"
  
  console-control-strings@^1.0.0, console-control-strings@~1.1.0:
    version "1.1.0"
    resolved "https://registry.npmjs.org/console-control-strings/-/console-control-strings-1.1.0.tgz"
    integrity sha1-PXz0Rk22RG6mRL9LOVB/mFEAjo4= sha512-ty/fTekppD2fIwRvnZAVdeOiGd1c7YXEixbgJTNzqcxJWKQnjJ/V1bNEEE6hygpM3WjwHFUVK6HTjWSzV4a8sQ==
  
  constantinople@^4.0.1:
    version "4.0.1"
    resolved "https://registry.npmjs.org/constantinople/-/constantinople-4.0.1.tgz"
    integrity sha512-vCrqcSIq4//Gx74TXXCGnHpulY1dskqLTFGDmhrGxzeXL8lF8kvXv6mpNWlJj1uD4DW23D4ljAqbY4RRaaUZIw==
    dependencies:
      "@babel/parser" "^7.6.0"
      "@babel/types" "^7.6.1"
  
  cookie@~0.4.1:
    version "0.4.1"
    resolved "https://registry.npmjs.org/cookie/-/cookie-0.4.1.tgz"
    integrity sha512-ZwrFkGJxUR3EIoXtO+yVE69Eb7KlixbaeAWfBQB9vVsNn/o+Yw69gBWSSDK825hQNdN+wF8zELf3dFNl/kxkUA==
  
  core-util-is@~1.0.0:
    version "1.0.3"
    resolved "https://registry.npmjs.org/core-util-is/-/core-util-is-1.0.3.tgz"
    integrity sha512-ZQBvi1DcpJ4GDqanjucZ2Hj3wEO5pZDS89BWbkcrvdxksJorwUDDZamX9ldFkp9aw2lmBDLgkObEA4DWNJ9FYQ==
  
  cross-spawn@^6.0.5:
    version "6.0.5"
    resolved "https://registry.npmjs.org/cross-spawn/-/cross-spawn-6.0.5.tgz"
    integrity sha512-eTVLrBSt7fjbDygz805pMnstIs2VTBNkRm0qxZd+M7A5XDdxVRWO5MxGBXZhjY4cqLYLdtrGqRf8mBPmzwSpWQ==
    dependencies:
      nice-try "^1.0.4"
      path-key "^2.0.1"
      semver "^5.5.0"
      shebang-command "^1.2.0"
      which "^1.2.9"
  
  date-time@^0.1.1:
    version "0.1.1"
    resolved "https://registry.npmjs.org/date-time/-/date-time-0.1.1.tgz"
    integrity sha1-7S9tk9l5DOL9ZtW1/z7dW7y/Owc= sha512-p4psdkgdNA6x0600SKbfWiOomNb33ADBMRHf49GMhYVgJsPefZlMSLXXVWWUpbqSxB3DL5/cxKa6a8i3XPK5Xg==
  
  debug@^2.2.0:
    version "2.6.9"
    resolved "https://registry.npmjs.org/debug/-/debug-2.6.9.tgz"
    integrity sha512-bC7ElrdJaJnPbAP+1EotYvqZsb3ecl5wi6Bfi6BJTUcNowp6cvspg0jXznRTKDjm/E7AdgFBVeAPVMNcKGsHMA==
    dependencies:
      ms "2.0.0"
  
  debug@^4.3.1, debug@^4.3.2:
    version "4.3.3"
    resolved "https://registry.npmjs.org/debug/-/debug-4.3.3.tgz"
    integrity sha512-/zxw5+vh1Tfv+4Qn7a5nsbcJKPaSvCDhojn6FEl9vupwK2VCSDtEiEtqr8DFtzYFOdz63LBkxec7DYuc2jon6Q==
    dependencies:
      ms "2.1.2"
  
  debug@~3.1.0:
    version "3.1.0"
    resolved "https://registry.npmjs.org/debug/-/debug-3.1.0.tgz"
    integrity sha512-OX8XqP7/1a9cqkxYw2yXss15f26NKWBpDXQd0/uK/KPqdQhxbPa994hnzjcE2VqQpDslf55723cKPUOGSmMY3g==
    dependencies:
      ms "2.0.0"
  
  debug@~4.1.0:
    version "4.1.1"
    resolved "https://registry.npmjs.org/debug/-/debug-4.1.1.tgz"
    integrity sha512-pYAIzeRo8J6KPEaJ0VWOh5Pzkbw/RetuzehGM7QRRX5he4fPHx2rdKMB256ehJCkX+XRQm16eZLqLNS8RSZXZw==
    dependencies:
      ms "^2.1.1"
  
  debug@2.6.9:
    version "2.6.9"
    resolved "https://registry.npmjs.org/debug/-/debug-2.6.9.tgz"
    integrity sha512-bC7ElrdJaJnPbAP+1EotYvqZsb3ecl5wi6Bfi6BJTUcNowp6cvspg0jXznRTKDjm/E7AdgFBVeAPVMNcKGsHMA==
    dependencies:
      ms "2.0.0"
  
  debug@4.3.2:
    version "4.3.2"
    resolved "https://registry.npmjs.org/debug/-/debug-4.3.2.tgz"
    integrity sha512-mOp8wKcvj7XxC78zLgw/ZA+6TSgkoE2C/ienthhRD298T7UNwAg9diBpLRxC0mOezLl4B0xV7M0cCO6P/O0Xhw==
    dependencies:
      ms "2.1.2"
  
  decamelize@^1.2.0:
    version "1.2.0"
    resolved "https://registry.npmjs.org/decamelize/-/decamelize-1.2.0.tgz"
    integrity sha1-9lNNFRSCabIDUue+4m9QH5oZEpA= sha512-z2S+W9X73hAUUki+N+9Za2lBlun89zigOyGrsax+KUQ6wKW4ZoWpEYBkGhQjwAjjDCkWxhY0VKEhk8wzY7F5cA==
  
  decompress-response@^6.0.0:
    version "6.0.0"
    resolved "https://registry.npmjs.org/decompress-response/-/decompress-response-6.0.0.tgz"
    integrity sha512-aW35yZM6Bb/4oJlZncMH2LCoZtJXTRxES17vE3hoRiowU2kWHaJKFkSBDnDR+cm9J+9QhXmREyIfv0pji9ejCQ==
    dependencies:
      mimic-response "^3.1.0"
  
  deep-extend@^0.6.0:
    version "0.6.0"
    resolved "https://registry.npmjs.org/deep-extend/-/deep-extend-0.6.0.tgz"
    integrity sha512-LOHxIOaPYdHlJRtCQfDIVZtfw/ufM8+rVj649RIHzcm/vGwQRXFt6OPqIFWsm2XEMrNIEtWR64sY1LEKD2vAOA==
  
  define-properties@^1.1.3:
    version "1.1.3"
    resolved "https://registry.npmjs.org/define-properties/-/define-properties-1.1.3.tgz"
    integrity sha512-3MqfYKj2lLzdMSf8ZIZE/V+Zuy+BgD6f164e8K2w7dgnpKArBDerGYpM46IYYcjnkdPNMjPk9A6VFB8+3SKlXQ==
    dependencies:
      object-keys "^1.0.12"
  
  del@^2.2.0:
    version "2.2.2"
    resolved "https://registry.npmjs.org/del/-/del-2.2.2.tgz"
    integrity sha1-wSyYHQZ4RshLyvhiz/kw2Qf/0ag= sha512-Z4fzpbIRjOu7lO5jCETSWoqUDVe0IPOlfugBsF6suen2LKDlVb4QZpKEM9P+buNJ4KI1eN7I083w/pbKUpsrWQ==
    dependencies:
      globby "^5.0.0"
      is-path-cwd "^1.0.0"
      is-path-in-cwd "^1.0.0"
      object-assign "^4.0.1"
      pify "^2.0.0"
      pinkie-promise "^2.0.0"
      rimraf "^2.2.8"
  
  delegates@^1.0.0:
    version "1.0.0"
    resolved "https://registry.npmjs.org/delegates/-/delegates-1.0.0.tgz"
    integrity sha1-hMbhWbgZBP3KWaDvRM2HDTElD5o= sha512-bd2L678uiWATM6m5Z1VzNCErI3jiGzt6HGY8OVICs40JQq/HALfbyNJmp0UDakEY4pMMaN0Ly5om/B1VI/+xfQ==
  
  depd@~1.1.2:
    version "1.1.2"
    resolved "https://registry.npmjs.org/depd/-/depd-1.1.2.tgz"
    integrity sha1-m81S4UwJd2PnSbJ0xDRu0uVgtak= sha512-7emPTl6Dpo6JRXOXjLRxck+FlLRX5847cLKEn00PLAgc3g2hTZZgr+e4c2v6QpSmLeFP3n5yUo7ft6avBK/5jQ==
  
  dependency-graph@^0.11.0:
    version "0.11.0"
    resolved "https://registry.npmjs.org/dependency-graph/-/dependency-graph-0.11.0.tgz"
    integrity sha512-JeMq7fEshyepOWDfcfHK06N3MhyPhz++vtqWhMT5O9A3K42rdsEDpfdVqjaqaAhsw6a+ZqeDvQVtD0hFHQWrzg==
  
  destroy@~1.0.4:
    version "1.0.4"
    resolved "https://registry.npmjs.org/destroy/-/destroy-1.0.4.tgz"
    integrity sha1-l4hXRCxEdJ5CBmE+N5RiBYJqvYA= sha512-3NdhDuEXnfun/z7x9GOElY49LoqVHoGScmOKwmxhsS8N5Y+Z8KyPPDnaSzqWgYt/ji4mqwfTS34Htrk0zPIXVg==
  
  detect-libc@^1.0.3:
    version "1.0.3"
    resolved "https://registry.npmjs.org/detect-libc/-/detect-libc-1.0.3.tgz"
    integrity sha1-+hN8S9aY7fVc1c0CrFWfkaTEups= sha512-pGjwhsmsp4kL2RTz08wcOlGN83otlqHeD/Z5T8GXZB+/YcpQ/dgo+lbU8ZsGxV0HIvqqxo9l7mqYwyYMD9bKDg==
  
  dev-ip@^1.0.1:
    version "1.0.1"
    resolved "https://registry.npmjs.org/dev-ip/-/dev-ip-1.0.1.tgz"
    integrity sha1-p2o+0YVb56ASu4rBbLgPPADcKPA= sha512-LmVkry/oDShEgSZPNgqCIp2/TlqtExeGmymru3uCELnfyjY11IzpAproLYs+1X88fXO6DBoYP3ul2Xo2yz2j6A==
  
  dlv@^1.1.3:
    version "1.1.3"
    resolved "https://registry.npmjs.org/dlv/-/dlv-1.1.3.tgz"
    integrity sha512-+HlytyjlPKnIG8XuRG8WvmBP8xs8P71y+SKKS6ZXWoEgLuePxtDoUEiH7WkdePWrQ5JBpE6aoVqfZfJUQkjXwA==
  
  doctypes@^1.1.0:
    version "1.1.0"
    resolved "https://registry.npmjs.org/doctypes/-/doctypes-1.1.0.tgz"
    integrity sha1-6oCxBqh1OHdOijpKWv4pPeSJ4Kk= sha512-LLBi6pEqS6Do3EKQ3J0NqHWV5hhb78Pi8vvESYwyOy2c31ZEZVdtitdzsQsKb7878PEERhzUk0ftqGhG6Mz+pQ==
  
  easy-extender@^2.3.4:
    version "2.3.4"
    resolved "https://registry.npmjs.org/easy-extender/-/easy-extender-2.3.4.tgz"
    integrity sha512-8cAwm6md1YTiPpOvDULYJL4ZS6WfM5/cTeVVh4JsvyYZAoqlRVUpHL9Gr5Fy7HA6xcSZicUia3DeAgO3Us8E+Q==
    dependencies:
      lodash "^4.17.10"
  
  eazy-logger@3.1.0:
    version "3.1.0"
    resolved "https://registry.npmjs.org/eazy-logger/-/eazy-logger-3.1.0.tgz"
    integrity sha512-/snsn2JqBtUSSstEl4R0RKjkisGHAhvYj89i7r3ytNUKW12y178KDZwXLXIgwDqLW6E/VRMT9qfld7wvFae8bQ==
    dependencies:
      tfunk "^4.0.0"
  
  editorconfig@^0.15.3:
    version "0.15.3"
    resolved "https://registry.npmjs.org/editorconfig/-/editorconfig-0.15.3.tgz"
    integrity sha512-M9wIMFx96vq0R4F+gRpY3o2exzb8hEj/n9S8unZtHSvYjibBp/iMufSzvmOcV/laG0ZtuTVGtiJggPOSW2r93g==
    dependencies:
      commander "^2.19.0"
      lru-cache "^4.1.5"
      semver "^5.6.0"
      sigmund "^1.0.1"
  
  ee-first@1.1.1:
    version "1.1.1"
    resolved "https://registry.npmjs.org/ee-first/-/ee-first-1.1.1.tgz"
    integrity sha1-WQxhFWsK4vTwJVcyoViyZrxWsh0= sha512-WMwm9LhRUo+WUaRN+vRuETqG89IgZphVSNkdFgeb6sS/E4OrDIN7t48CAewSHXc6C8lefD8KKfr5vY61brQlow==
  
  ejs@^2.7.4:
    version "2.7.4"
    resolved "https://registry.npmjs.org/ejs/-/ejs-2.7.4.tgz"
    integrity sha512-7vmuyh5+kuUyJKePhQfRQBhXV5Ce+RnaeeQArKu1EAMpL3WbgMt5WG6uQZpEVvYSSsxMXRKOewtDk9RaTKXRlA==
  
  eleventy-plugin-date@^1.0.0:
    version "1.0.0"
    resolved "https://registry.npmjs.org/eleventy-plugin-date/-/eleventy-plugin-date-1.0.0.tgz"
    integrity sha512-ctufJtt0TK9wpUxzwzWvGLfOGQ7/JpQZQmZOM28LcZ5fZHcL4JmMbYbqDAZ2ZHPysmdzhhFH2CkFnoDr+eVBRw==
    dependencies:
      luxon "^1.22.0"
  
  emoji-regex@^8.0.0:
    version "8.0.0"
    resolved "https://registry.npmjs.org/emoji-regex/-/emoji-regex-8.0.0.tgz"
    integrity sha512-MSjYzcWNOA0ewAHpz0MxpYFvwg6yjy1NG3xteoqz644VCo/RPgnr1/GGt+ic3iJTzQ8Eu3TdM14SawnVUmGE6A==
  
  encodeurl@~1.0.1, encodeurl@~1.0.2:
    version "1.0.2"
    resolved "https://registry.npmjs.org/encodeurl/-/encodeurl-1.0.2.tgz"
    integrity sha1-rT/0yG7C0CkyL1oCw6mmBslbP1k= sha512-TPJXq8JqFaVYm2CWmPvnP2Iyo4ZSM7/QKcSmuMLDObfpH5fi7RUGmd/rTDf+rut/saiDiQEeVTNgAmJEdAOx0w==
  
  end-of-stream@^1.1.0, end-of-stream@^1.4.1:
    version "1.4.4"
    resolved "https://registry.npmjs.org/end-of-stream/-/end-of-stream-1.4.4.tgz"
    integrity sha512-+uw1inIHVPQoaVuHzRyXd21icM+cnt4CzD5rW+NC1wjOUSTOs+Te7FOv7AhN7vS9x/oIyhLP5PR1H+phQAHu5Q==
    dependencies:
      once "^1.4.0"
  
  engine.io-client@~3.5.0:
    version "3.5.2"
    resolved "https://registry.npmjs.org/engine.io-client/-/engine.io-client-3.5.2.tgz"
    integrity sha512-QEqIp+gJ/kMHeUun7f5Vv3bteRHppHH/FMBQX/esFj/fuYfjyUKWGMo3VCvIP/V8bE9KcjHmRZrhIz2Z9oNsDA==
    dependencies:
      component-emitter "~1.3.0"
      component-inherit "0.0.3"
      debug "~3.1.0"
      engine.io-parser "~2.2.0"
      has-cors "1.1.0"
      indexof "0.0.1"
      parseqs "0.0.6"
      parseuri "0.0.6"
      ws "~7.4.2"
      xmlhttprequest-ssl "~1.6.2"
      yeast "0.1.2"
  
  engine.io-parser@~2.2.0:
    version "2.2.1"
    resolved "https://registry.npmjs.org/engine.io-parser/-/engine.io-parser-2.2.1.tgz"
    integrity sha512-x+dN/fBH8Ro8TFwJ+rkB2AmuVw9Yu2mockR/p3W8f8YtExwFgDvBDi0GWyb4ZLkpahtDGZgtr3zLovanJghPqg==
    dependencies:
      after "0.8.2"
      arraybuffer.slice "~0.0.7"
      base64-arraybuffer "0.1.4"
      blob "0.0.5"
      has-binary2 "~1.0.2"
  
  engine.io@~3.5.0:
    version "3.5.0"
    resolved "https://registry.npmjs.org/engine.io/-/engine.io-3.5.0.tgz"
    integrity sha512-21HlvPUKaitDGE4GXNtQ7PLP0Sz4aWLddMPw2VTyFz1FVZqu/kZsJUO8WNpKuE/OCL7nkfRaOui2ZCJloGznGA==
    dependencies:
      accepts "~1.3.4"
      base64id "2.0.0"
      cookie "~0.4.1"
      debug "~4.1.0"
      engine.io-parser "~2.2.0"
      ws "~7.4.2"
  
  entities@~2.0.0:
    version "2.0.3"
    resolved "https://registry.npmjs.org/entities/-/entities-2.0.3.tgz"
    integrity sha512-MyoZ0jgnLvB2X3Lg5HqpFmn1kybDiIfEQmKzTb5apr51Rb+T3KdmMiqa70T+bhGnyv7bQ6WMj2QMHpGMmlrUYQ==
  
  errno@^0.1.2:
    version "0.1.8"
    resolved "https://registry.npmjs.org/errno/-/errno-0.1.8.tgz"
    integrity sha512-dJ6oBr5SQ1VSd9qkk7ByRgb/1SH4JZjCHSW/mr63/QcXO9zLVxvJ6Oy13nio03rxpSnVDDjFor75SjVeZWPW/A==
    dependencies:
      prr "~1.0.1"
  
  error-ex@^1.3.1:
    version "1.3.2"
    resolved "https://registry.npmjs.org/error-ex/-/error-ex-1.3.2.tgz"
    integrity sha512-7dFHNmqeFSEt2ZBsCriorKnn3Z2pj+fd9kmI6QoWw4//DL+icEBfc0U7qJCisqrTsKTjw4fNFy2pW9OqStD84g==
    dependencies:
      is-arrayish "^0.2.1"
  
  es-abstract@^1.19.1:
    version "1.19.1"
    resolved "https://registry.npmjs.org/es-abstract/-/es-abstract-1.19.1.tgz"
    integrity sha512-2vJ6tjA/UfqLm2MPs7jxVybLoB8i1t1Jd9R3kISld20sIxPcTbLuggQOUxeWeAvIUkduv/CfMjuh4WmiXr2v9w==
    dependencies:
      call-bind "^1.0.2"
      es-to-primitive "^1.2.1"
      function-bind "^1.1.1"
      get-intrinsic "^1.1.1"
      get-symbol-description "^1.0.0"
      has "^1.0.3"
      has-symbols "^1.0.2"
      internal-slot "^1.0.3"
      is-callable "^1.2.4"
      is-negative-zero "^2.0.1"
      is-regex "^1.1.4"
      is-shared-array-buffer "^1.0.1"
      is-string "^1.0.7"
      is-weakref "^1.0.1"
      object-inspect "^1.11.0"
      object-keys "^1.1.1"
      object.assign "^4.1.2"
      string.prototype.trimend "^1.0.4"
      string.prototype.trimstart "^1.0.4"
      unbox-primitive "^1.0.1"
  
  es-to-primitive@^1.2.1:
    version "1.2.1"
    resolved "https://registry.npmjs.org/es-to-primitive/-/es-to-primitive-1.2.1.tgz"
    integrity sha512-QCOllgZJtaUo9miYBcLChTUaHNjJF3PYs1VidD7AwiEj1kYxKeQTctLAezAOH5ZKRH0g2IgPn6KwB4IT8iRpvA==
    dependencies:
      is-callable "^1.1.4"
      is-date-object "^1.0.1"
      is-symbol "^1.0.2"
  
  escalade@^3.1.1:
    version "3.1.1"
    resolved "https://registry.npmjs.org/escalade/-/escalade-3.1.1.tgz"
    integrity sha512-k0er2gUkLf8O0zKJiAhmkTnJlTvINGv7ygDNPbeIsX/TJjGJZHuh9B2UxbsaEkmlEo9MfhrSzmhIlhRlI2GXnw==
  
  escape-html@~1.0.3:
    version "1.0.3"
    resolved "https://registry.npmjs.org/escape-html/-/escape-html-1.0.3.tgz"
    integrity sha1-Aljq5NPQwJdN4cFpGI7wBR0dGYg= sha512-NiSupZ4OeuGwr68lGIeym/ksIZMJodUGOSCZ/FSnTxcrekbvqrgdUxlJOMpijaKZVjAJrWrGs/6Jy8OMuyj9ow==
  
  escape-string-regexp@^1.0.2, escape-string-regexp@^1.0.5:
    version "1.0.5"
    resolved "https://registry.npmjs.org/escape-string-regexp/-/escape-string-regexp-1.0.5.tgz"
    integrity sha1-G2HAViGQqN/2rjuyzwIAyhMLhtQ= sha512-vbRorB5FUQWvla16U8R/qgaFIya2qGzwDrNmCZuYKrbdSUMG6I1ZCGQRefkRVhuOkIGVne7BQ35DSfo1qvJqFg==
  
  esprima@^4.0.0:
    version "4.0.1"
    resolved "https://registry.npmjs.org/esprima/-/esprima-4.0.1.tgz"
    integrity sha512-eGuFFw7Upda+g4p+QHvnW0RyTX/SVeJBDM/gCtMARO0cLuT2HcEKnTPvhjV6aGeqrCB/sbNop0Kszm0jsaWU4A==
  
  etag@^1.8.1, etag@~1.8.1, etag@1.8.1:
    version "1.8.1"
    resolved "https://registry.npmjs.org/etag/-/etag-1.8.1.tgz"
    integrity sha1-Qa4u62XvpiJorr/qg6x9eSmbCIc= sha512-aIL5Fx7mawVa300al2BnEE4iNvo1qETxLrPI/o05L7z6go7fCw1J6EQmbK4FmJ2AS7kgVF/KEZWufBfdClMcPg==
  
  eventemitter3@^4.0.0, eventemitter3@^4.0.4:
    version "4.0.7"
    resolved "https://registry.npmjs.org/eventemitter3/-/eventemitter3-4.0.7.tgz"
    integrity sha512-8guHBZCwKnFhYdHr2ysuRWErTwhoN2X8XELRlrRwpmfeY2jjuUN4taQMsULKUVo1K4DvZl+0pgfyoysHxvmvEw==
  
  expand-template@^2.0.3:
    version "2.0.3"
    resolved "https://registry.npmjs.org/expand-template/-/expand-template-2.0.3.tgz"
    integrity sha512-XYfuKMvj4O35f/pOXLObndIRvyQ+/+6AhODh+OKWj9S9498pHHn/IMszH+gt0fBCRWMNfk1ZSp5x3AifmnI2vg==
  
  extend-shallow@^2.0.1:
    version "2.0.1"
    resolved "https://registry.npmjs.org/extend-shallow/-/extend-shallow-2.0.1.tgz"
    integrity sha1-Ua99YUrZqfYQ6huvu5idaxxWiQ8= sha512-zCnTtlxNoAiDc3gqY2aYAWFx7XWWiasuF2K8Me5WbN8otHKTUKBwjPtNpRs/rbUZm7KxWAaNj7P1a/p52GbVug==
    dependencies:
      is-extendable "^0.1.0"
  
  fast-glob@^3.2.5:
    version "3.2.7"
    resolved "https://registry.npmjs.org/fast-glob/-/fast-glob-3.2.7.tgz"
    integrity sha512-rYGMRwip6lUMvYD3BTScMwT1HtAs2d71SMv66Vrxs0IekGZEjhM0pcMfjQPnknBt2zeCwQMEupiN02ZP4DiT1Q==
    dependencies:
      "@nodelib/fs.stat" "^2.0.2"
      "@nodelib/fs.walk" "^1.2.3"
      glob-parent "^5.1.2"
      merge2 "^1.3.0"
      micromatch "^4.0.4"
  
  fastq@^1.6.0:
    version "1.13.0"
    resolved "https://registry.npmjs.org/fastq/-/fastq-1.13.0.tgz"
    integrity sha512-YpkpUnK8od0o1hmeSc7UUs/eB/vIPWJYjKck2QKIzAf71Vm1AAQ3EbuZB3g2JIy+pg+ERD0vqI79KyZiB2e2Nw==
    dependencies:
      reusify "^1.0.4"
  
  fill-range@^7.0.1:
    version "7.0.1"
    resolved "https://registry.npmjs.org/fill-range/-/fill-range-7.0.1.tgz"
    integrity sha512-qOo9F+dMUmC2Lcb4BbVvnKJxTPjCm+RRpe4gDuGrzkL7mEVl/djYSu2OdQ2Pa302N4oqkSg9ir6jaLWJ2USVpQ==
    dependencies:
      to-regex-range "^5.0.1"
  
  finalhandler@1.1.0:
    version "1.1.0"
    resolved "https://registry.npmjs.org/finalhandler/-/finalhandler-1.1.0.tgz"
    integrity sha1-zgtoVbRYU+eRsvzGgARtiCU91/U= sha512-ejnvM9ZXYzp6PUPUyQBMBf0Co5VX2gr5H2VQe2Ui2jWXNlxv+PYZo8wpAymJNJdLsG1R4p+M4aynF8KuoUEwRw==
    dependencies:
      debug "2.6.9"
      encodeurl "~1.0.1"
      escape-html "~1.0.3"
      on-finished "~2.3.0"
      parseurl "~1.3.2"
      statuses "~1.3.1"
      unpipe "~1.0.0"
  
  find-up@^4.1.0:
    version "4.1.0"
    resolved "https://registry.npmjs.org/find-up/-/find-up-4.1.0.tgz"
    integrity sha512-PpOwAdQ/YlXQ2vj8a3h8IipDuYRi3wceVQQGYWxNINccq40Anw7BlsEXCMbt1Zt+OLA6Fq9suIpIWD0OsnISlw==
    dependencies:
      locate-path "^5.0.0"
      path-exists "^4.0.0"
  
  flat-cache@^3.0.4:
    version "3.0.4"
    resolved "https://registry.npmjs.org/flat-cache/-/flat-cache-3.0.4.tgz"
    integrity sha512-dm9s5Pw7Jc0GvMYbshN6zchCA9RgQlzzEZX3vylR9IqFfS8XciblUXOKfW6SiuJ0e13eDYZoZV5wdrev7P3Nwg==
    dependencies:
      flatted "^3.1.0"
      rimraf "^3.0.2"
  
  flatted@^3.1.0:
    version "3.2.4"
    resolved "https://registry.npmjs.org/flatted/-/flatted-3.2.4.tgz"
    integrity sha512-8/sOawo8tJ4QOBX8YlQBMxL8+RLZfxMQOif9o0KUKTNTjMYElWPE0r/m5VNFxTRd0NSw8qSy8dajrwX4RYI1Hw==
  
  follow-redirects@^1.0.0, follow-redirects@^1.14.0:
    version "1.14.6"
    resolved "https://registry.npmjs.org/follow-redirects/-/follow-redirects-1.14.6.tgz"
    integrity sha512-fhUl5EwSJbbl8AR+uYL2KQDxLkdSjZGR36xy46AO7cOMTrCMON6Sa28FmAnC2tRTDbd/Uuzz3aJBv7EBN7JH8A==
  
  fresh@^0.5.2, fresh@0.5.2:
    version "0.5.2"
    resolved "https://registry.npmjs.org/fresh/-/fresh-0.5.2.tgz"
    integrity sha1-PYyt2Q2XZWn6g1qx+OSyOhBWBac= sha512-zJ2mQYM18rEFOudeV4GShTGIQ7RbzA7ozbU9I/XBpm7kqgMywgmylMwXHxZJmkVoYkna9d2pVXVXPdYTP9ej8Q==
  
  fs-constants@^1.0.0:
    version "1.0.0"
    resolved "https://registry.npmjs.org/fs-constants/-/fs-constants-1.0.0.tgz"
    integrity sha512-y6OAwoSIf7FyjMIv94u+b5rdheZEjzR63GTyZJm5qh4Bi+2YgwLCcI/fPFZkL5PSixOt6ZNKm+w+Hfp/Bciwow==
  
  fs-extra@^8.1.0:
    version "8.1.0"
    resolved "https://registry.npmjs.org/fs-extra/-/fs-extra-8.1.0.tgz"
    integrity sha512-yhlQgA6mnOJUKOsRUFsgJdQCvkKhcz8tlZG5HBQfReYZy46OwLcY+Zia0mtdHsOo9y/hP+CxMN0TU9QxoOtG4g==
    dependencies:
      graceful-fs "^4.2.0"
      jsonfile "^4.0.0"
      universalify "^0.1.0"
  
  fs-extra@3.0.1:
    version "3.0.1"
    resolved "https://registry.npmjs.org/fs-extra/-/fs-extra-3.0.1.tgz"
    integrity sha1-N5TzeMWLNC6n27sjCVEJxLO2IpE= sha512-V3Z3WZWVUYd8hoCL5xfXJCaHWYzmtwW5XWYSlLgERi8PWd8bx1kUHUk8L1BT57e49oKnDDD180mjfrHc1yA9rg==
    dependencies:
      graceful-fs "^4.1.2"
      jsonfile "^3.0.0"
      universalify "^0.1.0"
  
  fs.realpath@^1.0.0:
    version "1.0.0"
    resolved "https://registry.npmjs.org/fs.realpath/-/fs.realpath-1.0.0.tgz"
    integrity sha1-FQStJSMVjKpA20onh8sBQRmU6k8= sha512-OO0pH2lK6a0hZnAdau5ItzHPI6pUlvI7jMVnxUQRtw4owF2wk8lOSabtGDCTP4Ggrg2MbGnWO9X8K1t4+fGMDw==
  
  function-bind@^1.1.1:
    version "1.1.1"
    resolved "https://registry.npmjs.org/function-bind/-/function-bind-1.1.1.tgz"
    integrity sha512-yIovAzMX49sF8Yl58fSCWJ5svSLuaibPxXQJFLmBObTuCr0Mf1KiPopGM9NiFjiYBCbfaa2Fh6breQ6ANVTI0A==
  
  gauge@~2.7.3:
    version "2.7.4"
    resolved "https://registry.npmjs.org/gauge/-/gauge-2.7.4.tgz"
    integrity sha1-LANAXHU4w51+s3sxcCLjJfsBi/c= sha512-14x4kjc6lkD3ltw589k0NrPD6cCNTD6CWoVUNpB85+DrtONoZn+Rug6xZU5RvSC4+TZPxA5AnBibQYAvZn41Hg==
    dependencies:
      aproba "^1.0.3"
      console-control-strings "^1.0.0"
      has-unicode "^2.0.0"
      object-assign "^4.1.0"
      signal-exit "^3.0.0"
      string-width "^1.0.1"
      strip-ansi "^3.0.1"
      wide-align "^1.1.0"
  
  get-caller-file@^2.0.1, get-caller-file@^2.0.5:
    version "2.0.5"
    resolved "https://registry.npmjs.org/get-caller-file/-/get-caller-file-2.0.5.tgz"
    integrity sha512-DyFP3BM/3YHTQOCUL/w0OZHR0lpKeGrxotcHWcqNEdnltqFwXVfhEBQ94eIo34AfQpo0rGki4cyIiftY06h2Fg==
  
  get-intrinsic@^1.0.2, get-intrinsic@^1.1.0, get-intrinsic@^1.1.1:
    version "1.1.1"
    resolved "https://registry.npmjs.org/get-intrinsic/-/get-intrinsic-1.1.1.tgz"
    integrity sha512-kWZrnVM42QCiEA2Ig1bG8zjoIMOgxWwYCEeNdwY6Tv/cOSeGpcoX4pXHfKUxNKVoArnrEr2e9srnAxxGIraS9Q==
    dependencies:
      function-bind "^1.1.1"
      has "^1.0.3"
      has-symbols "^1.0.1"
  
  get-symbol-description@^1.0.0:
    version "1.0.0"
    resolved "https://registry.npmjs.org/get-symbol-description/-/get-symbol-description-1.0.0.tgz"
    integrity sha512-2EmdH1YvIQiZpltCNgkuiUnyukzxM/R6NDJX31Ke3BG1Nq5b0S2PhX59UKi9vZpPDQVdqn+1IcaAwnzTT5vCjw==
    dependencies:
      call-bind "^1.0.2"
      get-intrinsic "^1.1.1"
  
  github-from-package@0.0.0:
    version "0.0.0"
    resolved "https://registry.npmjs.org/github-from-package/-/github-from-package-0.0.0.tgz"
    integrity sha1-l/tdlr/eiXMxPyDoKI75oWf6ZM4= sha512-SyHy3T1v2NUXn29OsWdxmK6RwHD+vkj3v8en8AOBZ1wBQ/hCAQ5bAQTD02kW4W9tUp/3Qh6J8r9EvntiyCmOOw==
  
  glob-parent@^5.1.2, glob-parent@~5.1.2:
    version "5.1.2"
    resolved "https://registry.npmjs.org/glob-parent/-/glob-parent-5.1.2.tgz"
    integrity sha512-AOIgSQCepiJYwP3ARnGx+5VnTu2HBYdzbGP45eLw1vr3zB3vZLeyed1sC9hnbcOc9/SrMyM5RPQrkGz4aS9Zow==
    dependencies:
      is-glob "^4.0.1"
  
  glob@^7.0.3, glob@^7.1.3:
    version "7.2.0"
    resolved "https://registry.npmjs.org/glob/-/glob-7.2.0.tgz"
    integrity sha512-lmLf6gtyrPq8tTjSmrO94wBeQbFR3HbLHbuyD69wuyQkImp2hWqMGB47OX65FBkPffO641IP9jWa1z4ivqG26Q==
    dependencies:
      fs.realpath "^1.0.0"
      inflight "^1.0.4"
      inherits "2"
      minimatch "^3.0.4"
      once "^1.3.0"
      path-is-absolute "^1.0.0"
  
  globby@^5.0.0:
    version "5.0.0"
    resolved "https://registry.npmjs.org/globby/-/globby-5.0.0.tgz"
    integrity sha1-69hGZ8oNuzMLmbz8aOrCvFQ3Dg0= sha512-HJRTIH2EeH44ka+LWig+EqT2ONSYpVlNfx6pyd592/VF1TbfljJ7elwie7oSwcViLGqOdWocSdu2txwBF9bjmQ==
    dependencies:
      array-union "^1.0.1"
      arrify "^1.0.0"
      glob "^7.0.3"
      object-assign "^4.0.1"
      pify "^2.0.0"
      pinkie-promise "^2.0.0"
  
  graceful-fs@^4.1.2, graceful-fs@^4.1.4, graceful-fs@^4.1.6, graceful-fs@^4.2.0:
    version "4.2.8"
    resolved "https://registry.npmjs.org/graceful-fs/-/graceful-fs-4.2.8.tgz"
    integrity sha512-qkIilPUYcNhJpd33n0GBXTB1MMPp14TxEsEs0pTrsSVucApsYzW5V+Q8Qxhik6KU3evy+qkAAowTByymK0avdg==
  
  gray-matter@^4.0.2:
    version "4.0.3"
    resolved "https://registry.npmjs.org/gray-matter/-/gray-matter-4.0.3.tgz"
    integrity sha512-5v6yZd4JK3eMI3FqqCouswVqwugaA9r4dNZB1wwcmrD02QkV5H0y7XBQW8QwQqEaZY1pM9aqORSORhJRdNK44Q==
    dependencies:
      js-yaml "^3.13.1"
      kind-of "^6.0.2"
      section-matter "^1.0.0"
      strip-bom-string "^1.0.0"
  
  hamljs@^0.6.2:
    version "0.6.2"
    resolved "https://registry.npmjs.org/hamljs/-/hamljs-0.6.2.tgz"
    integrity sha1-e3EWz22+cnjkKz9u+HJaM+F3yOM= sha512-/chXRp4WpL47I+HX1vCCdSbEXAljEG2FBMmgO7Am0bYsqgnEjreeWzUdX1onXqwZtcfgxbCg5WtEYYvuZ5muBg==
  
  handlebars@^4.7.7:
    version "4.7.7"
    resolved "https://registry.npmjs.org/handlebars/-/handlebars-4.7.7.tgz"
    integrity sha512-aAcXm5OAfE/8IXkcZvCepKU3VzW1/39Fb5ZuqMtgI/hT8X2YgoMvBY5dLhq/cpOvw7Lk1nK/UF71aLG/ZnVYRA==
    dependencies:
      minimist "^1.2.5"
      neo-async "^2.6.0"
      source-map "^0.6.1"
      wordwrap "^1.0.0"
    optionalDependencies:
      uglify-js "^3.1.4"
  
  has-ansi@^2.0.0:
    version "2.0.0"
    resolved "https://registry.npmjs.org/has-ansi/-/has-ansi-2.0.0.tgz"
    integrity sha1-NPUEnOHs3ysGSa8+8k5F7TVBbZE= sha512-C8vBJ8DwUCx19vhm7urhTuUsr4/IyP6l4VzNQDv+ryHQObW3TTTp9yB68WpYgRe2bbaGuZ/se74IqFeVnMnLZg==
    dependencies:
      ansi-regex "^2.0.0"
  
  has-bigints@^1.0.1:
    version "1.0.1"
    resolved "https://registry.npmjs.org/has-bigints/-/has-bigints-1.0.1.tgz"
    integrity sha512-LSBS2LjbNBTf6287JEbEzvJgftkF5qFkmCo9hDRpAzKhUOlJ+hx8dd4USs00SgsUNwc4617J9ki5YtEClM2ffA==
  
  has-binary2@~1.0.2:
    version "1.0.3"
    resolved "https://registry.npmjs.org/has-binary2/-/has-binary2-1.0.3.tgz"
    integrity sha512-G1LWKhDSvhGeAQ8mPVQlqNcOB2sJdwATtZKl2pDKKHfpf/rYj24lkinxf69blJbnsvtqqNU+L3SL50vzZhXOnw==
    dependencies:
      isarray "2.0.1"
  
  has-color@~0.1.0:
    version "0.1.7"
    resolved "https://registry.npmjs.org/has-color/-/has-color-0.1.7.tgz"
    integrity sha1-ZxRKUmDDT8PMpnfQQdr1L+e3iy8= sha512-kaNz5OTAYYmt646Hkqw50/qyxP2vFnTVu5AQ1Zmk22Kk5+4Qx6BpO8+u7IKsML5fOsFk0ZT0AcCJNYwcvaLBvw==
  
  has-cors@1.1.0:
    version "1.1.0"
    resolved "https://registry.npmjs.org/has-cors/-/has-cors-1.1.0.tgz"
    integrity sha1-XkdHk/fqmEPRu5nCPu9J/xJv/zk= sha512-g5VNKdkFuUuVCP9gYfDJHjK2nqdQJ7aDLTnycnc2+RvsOQbuLdF5pm7vuE5J76SEBIQjs4kQY/BWq74JUmjbXA==
  
  has-flag@^3.0.0:
    version "3.0.0"
    resolved "https://registry.npmjs.org/has-flag/-/has-flag-3.0.0.tgz"
    integrity sha1-tdRU3CGZriJWmfNGfloH87lVuv0= sha512-sKJf1+ceQBr4SMkvQnBDNDtf4TXpVhVGateu0t918bl30FnbE2m4vNLX+VWe/dpjlb+HugGYzW7uQXH98HPEYw==
  
  has-flag@^4.0.0:
    version "4.0.0"
    resolved "https://registry.npmjs.org/has-flag/-/has-flag-4.0.0.tgz"
    integrity sha512-EykJT/Q1KjTWctppgIAgfSO0tKVuZUjhgMr17kqTumMl6Afv3EISleU7qZUzoXDFTAHTDC4NOoG/ZxU3EvlMPQ==
  
  has-symbols@^1.0.1, has-symbols@^1.0.2:
    version "1.0.2"
    resolved "https://registry.npmjs.org/has-symbols/-/has-symbols-1.0.2.tgz"
    integrity sha512-chXa79rL/UC2KlX17jo3vRGz0azaWEx5tGqZg5pO3NUyEJVB17dMruQlzCCOfUvElghKcm5194+BCRvi2Rv/Gw==
  
  has-tostringtag@^1.0.0:
    version "1.0.0"
    resolved "https://registry.npmjs.org/has-tostringtag/-/has-tostringtag-1.0.0.tgz"
    integrity sha512-kFjcSNhnlGV1kyoGk7OXKSawH5JOb/LzUc5w9B02hOTO0dfFRjbHQKvg1d6cf3HbeUmtU9VbbV3qzZ2Teh97WQ==
    dependencies:
      has-symbols "^1.0.2"
  
  has-unicode@^2.0.0:
    version "2.0.1"
    resolved "https://registry.npmjs.org/has-unicode/-/has-unicode-2.0.1.tgz"
    integrity sha1-4Ob+aijPUROIVeCG0Wkedx3iqLk= sha512-8Rf9Y83NBReMnx0gFzA8JImQACstCYWUplepDa9xprwwtmgEZUF0h/i5xSA625zB/I37EtrswSST6OXxwaaIJQ==
  
  has@^1.0.3:
    version "1.0.3"
    resolved "https://registry.npmjs.org/has/-/has-1.0.3.tgz"
    integrity sha512-f2dvO0VU6Oej7RkWJGrehjbzMAjFp5/VKPp5tTpWIV4JHHZK1/BxbFRtf/siA2SWTe09caDmVtYYzWEIbBS4zw==
    dependencies:
      function-bind "^1.1.1"
  
  hash-string@^1.0.0:
    version "1.0.0"
    resolved "https://registry.npmjs.org/hash-string/-/hash-string-1.0.0.tgz"
    integrity sha1-w/oV8Hjd0WvBULQXb95wkWIPLH8= sha512-dtNNyxXobzHavayZwOwRWhBTqS9GX4jDjIMsGc0fDyaN2A+4zMn5Ua9ODDCggN6w3Spma6mAHL3ImmW3BkWDmQ==
  
  he@^1.2.0:
    version "1.2.0"
    resolved "https://registry.npmjs.org/he/-/he-1.2.0.tgz"
    integrity sha512-F/1DnUGPopORZi0ni+CvrCgHQ5FyEAHRLSApuYWMmrbSwoN2Mn/7k+Gl38gJnR7yyDZk6WLXwiGod1JOWNDKGw==
  
  hosted-git-info@^2.1.4:
    version "2.8.9"
    resolved "https://registry.npmjs.org/hosted-git-info/-/hosted-git-info-2.8.9.tgz"
    integrity sha512-mxIDAb9Lsm6DoOJ7xH+5+X4y1LU/4Hi50L9C5sIswK3JzULS4bwk1FvjdBgvYR4bzT4tuUQiC15FE2f5HbLvYw==
  
  html-minifier@^4.0.0:
    version "4.0.0"
    resolved "https://registry.npmjs.org/html-minifier/-/html-minifier-4.0.0.tgz"
    integrity sha512-aoGxanpFPLg7MkIl/DDFYtb0iWz7jMFGqFhvEDZga6/4QTjneiD8I/NXL1x5aaoCp7FSIT6h/OhykDdPsbtMig==
    dependencies:
      camel-case "^3.0.0"
      clean-css "^4.2.1"
      commander "^2.19.0"
      he "^1.2.0"
      param-case "^2.1.1"
      relateurl "^0.2.7"
      uglify-js "^3.5.1"
  
  http-errors@~1.6.2:
    version "1.6.3"
    resolved "https://registry.npmjs.org/http-errors/-/http-errors-1.6.3.tgz"
    integrity sha1-i1VoC7S+KDoLW/TqLjhYC+HZMg0= sha512-lks+lVC8dgGyh97jxvxeYTWQFvh4uw4yC12gVl63Cg30sjPX4wuGcdkICVXDAESr6OJGjqGA8Iz5mkeN6zlD7A==
    dependencies:
      depd "~1.1.2"
      inherits "2.0.3"
      setprototypeof "1.1.0"
      statuses ">= 1.4.0 < 2"
  
  http-errors@1.8.1:
    version "1.8.1"
    resolved "https://registry.npmjs.org/http-errors/-/http-errors-1.8.1.tgz"
    integrity sha512-Kpk9Sm7NmI+RHhnj6OIWDI1d6fIoFAtFt9RLaTMRlg/8w49juAStsrBgp0Dp4OdxdVbRIeKhtCUvoi/RuAhO4g==
    dependencies:
      depd "~1.1.2"
      inherits "2.0.4"
      setprototypeof "1.2.0"
      statuses ">= 1.5.0 < 2"
      toidentifier "1.0.1"
  
  http-proxy@^1.18.1:
    version "1.18.1"
    resolved "https://registry.npmjs.org/http-proxy/-/http-proxy-1.18.1.tgz"
    integrity sha512-7mz/721AbnJwIVbnaSv1Cz3Am0ZLT/UBwkC92VlxhXv/k/BBQfM2fXElQNC27BVGr0uwUpplYPQM9LnaBMR5NQ==
    dependencies:
      eventemitter3 "^4.0.0"
      follow-redirects "^1.0.0"
      requires-port "^1.0.0"
  
  iconv-lite@0.4.24:
    version "0.4.24"
    resolved "https://registry.npmjs.org/iconv-lite/-/iconv-lite-0.4.24.tgz"
    integrity sha512-v3MXnZAcvnywkTUEZomIActle7RXXeedOR31wwl7VlyoXO4Qi9arvSenNQWne1TcRwhCL1HwLI21bEqdpj8/rA==
    dependencies:
      safer-buffer ">= 2.1.2 < 3"
  
  ieee754@^1.1.13:
    version "1.2.1"
    resolved "https://registry.npmjs.org/ieee754/-/ieee754-1.2.1.tgz"
    integrity sha512-dcyqhDvX1C46lXZcVqCpK+FtMRQVdIMN6/Df5js2zouUsqG7I6sFxitIC+7KYK29KdXOLHdu9zL4sFnoVQnqaA==
  
  image-size@^1.0.0:
    version "1.0.0"
    resolved "https://registry.npmjs.org/image-size/-/image-size-1.0.0.tgz"
    integrity sha512-JLJ6OwBfO1KcA+TvJT+v8gbE6iWbj24LyDNFgFEN0lzegn6cC6a/p3NIDaepMsJjQjlUWqIC7wJv8lBFxPNjcw==
    dependencies:
      queue "6.0.2"
  
  immutable@^3:
    version "3.8.2"
    resolved "https://registry.npmjs.org/immutable/-/immutable-3.8.2.tgz"
    integrity sha1-wkOZUUVbs5kT2vKBN28VMOEErfM= sha512-15gZoQ38eYjEjxkorfbcgBKBL6R7T459OuK+CpcWt7O3KF4uPCx2tD0uFETlUDIyo+1789crbMhTvQBSR5yBMg==
  
  immutable@^4.0.0:
    version "4.0.0"
    resolved "https://registry.npmjs.org/immutable/-/immutable-4.0.0.tgz"
    integrity sha512-zIE9hX70qew5qTUjSS7wi1iwj/l7+m54KWU247nhM3v806UdGj1yDndXj+IOYxxtW9zyLI+xqFNZjTuDaLUqFw==
  
  indexof@0.0.1:
    version "0.0.1"
    resolved "https://registry.npmjs.org/indexof/-/indexof-0.0.1.tgz"
    integrity sha1-gtwzbSMrkGIXnQWrMpOmYFn9Q10= sha512-i0G7hLJ1z0DE8dsqJa2rycj9dBmNKgXBvotXtZYXakU9oivfB9Uj2ZBC27qqef2U58/ZLwalxa1X/RDCdkHtVg==
  
  inflight@^1.0.4:
    version "1.0.6"
    resolved "https://registry.npmjs.org/inflight/-/inflight-1.0.6.tgz"
    integrity sha1-Sb1jMdfQLQwJvJEKEHW6gWW1bfk= sha512-k92I/b08q4wvFscXCLvqfsHCrjrF7yiXsQuIVvVE7N82W3+aqpzuUdBbfhWcy/FZR3/4IgflMgKLOsvPDrGCJA==
    dependencies:
      once "^1.3.0"
      wrappy "1"
  
  inherits@^2.0.3, inherits@^2.0.4, inherits@~2.0.3, inherits@2, inherits@2.0.4:
    version "2.0.4"
    resolved "https://registry.npmjs.org/inherits/-/inherits-2.0.4.tgz"
    integrity sha512-k/vGaX4/Yla3WzyMCvTQOXYeIHvqOKtnqBduzTHpzpQZzAskKMhZ2K+EnBiSM9zGSoIFeMpXKxa4dYeZIQqewQ==
  
  inherits@2.0.3:
    version "2.0.3"
    resolved "https://registry.npmjs.org/inherits/-/inherits-2.0.3.tgz"
    integrity sha1-Yzwsg+PaQqUC9SRmAiSA9CCCYd4= sha512-x00IRNXNy63jwGkJmzPigoySHbaqpNuzKbBOmzK+g2OdZpQ9w+sxCN+VSB3ja7IAge2OP2qpfxTjeNcyjmW1uw==
  
  ini@^1.3.4, ini@~1.3.0:
    version "1.3.8"
    resolved "https://registry.npmjs.org/ini/-/ini-1.3.8.tgz"
    integrity sha512-JV/yugV2uzW5iMRSiZAyDtQd+nxtUnjeLt0acNdw98kKLrvuRVyB80tsREOE7yvGVgalhZ6RNXCmEHkUKBKxew==
  
  internal-slot@^1.0.3:
    version "1.0.3"
    resolved "https://registry.npmjs.org/internal-slot/-/internal-slot-1.0.3.tgz"
    integrity sha512-O0DB1JC/sPyZl7cIo78n5dR7eUSwwpYPiXRhTzNxZVAMUuB8vlnRFyLxdrVToks6XPLVnFfbzaVd5WLjhgg+vA==
    dependencies:
      get-intrinsic "^1.1.0"
      has "^1.0.3"
      side-channel "^1.0.4"
  
  is-absolute@^1.0.0:
    version "1.0.0"
    resolved "https://registry.npmjs.org/is-absolute/-/is-absolute-1.0.0.tgz"
    integrity sha512-dOWoqflvcydARa360Gvv18DZ/gRuHKi2NU/wU5X1ZFzdYfH29nkiNZsF3mp4OJ3H4yo9Mx8A/uAGNzpzPN3yBA==
    dependencies:
      is-relative "^1.0.0"
      is-windows "^1.0.1"
  
  is-arrayish@^0.2.1:
    version "0.2.1"
    resolved "https://registry.npmjs.org/is-arrayish/-/is-arrayish-0.2.1.tgz"
    integrity sha1-d8mYQFJ6qOyxqLppe4BkWnqSap0= sha512-zz06S8t0ozoDXMG+ube26zeCTNXcKIPJZJi8hBrF4idCLms4CG9QtK7qBl1boi5ODzFpjswb5JPmHCbMpjaYzg==
  
  is-arrayish@^0.3.1:
    version "0.3.2"
    resolved "https://registry.npmjs.org/is-arrayish/-/is-arrayish-0.3.2.tgz"
    integrity sha512-eVRqCvVlZbuw3GrM63ovNSNAeA1K16kaR/LRY/92w0zxQ5/1YzwblUX652i4Xs9RwAGjW9d9y6X88t8OaAJfWQ==
  
  is-bigint@^1.0.1:
    version "1.0.4"
    resolved "https://registry.npmjs.org/is-bigint/-/is-bigint-1.0.4.tgz"
    integrity sha512-zB9CruMamjym81i2JZ3UMn54PKGsQzsJeo6xvN3HJJ4CAsQNB6iRutp2To77OfCNuoxspsIhzaPoO1zyCEhFOg==
    dependencies:
      has-bigints "^1.0.1"
  
  is-binary-path@~2.1.0:
    version "2.1.0"
    resolved "https://registry.npmjs.org/is-binary-path/-/is-binary-path-2.1.0.tgz"
    integrity sha512-ZMERYes6pDydyuGidse7OsHxtbI7WVeUEozgR/g7rd0xUimYNlvZRE/K2MgZTjWy725IfelLeVcEM97mmtRGXw==
    dependencies:
      binary-extensions "^2.0.0"
  
  is-boolean-object@^1.1.0:
    version "1.1.2"
    resolved "https://registry.npmjs.org/is-boolean-object/-/is-boolean-object-1.1.2.tgz"
    integrity sha512-gDYaKHJmnj4aWxyj6YHyXVpdQawtVLHU5cb+eztPGczf6cjuTdwve5ZIEfgXqH4e57An1D1AKf8CZ3kYrQRqYA==
    dependencies:
      call-bind "^1.0.2"
      has-tostringtag "^1.0.0"
  
  is-buffer@^1.1.5:
    version "1.1.6"
    resolved "https://registry.npmjs.org/is-buffer/-/is-buffer-1.1.6.tgz"
    integrity sha512-NcdALwpXkTm5Zvvbk7owOUSvVvBKDgKP5/ewfXEznmQFfs4ZRmanOeKBTjRVjka3QFoN6XJ+9F3USqfHqTaU5w==
  
  is-callable@^1.1.4, is-callable@^1.2.4:
    version "1.2.4"
    resolved "https://registry.npmjs.org/is-callable/-/is-callable-1.2.4.tgz"
    integrity sha512-nsuwtxZfMX67Oryl9LCQ+upnC0Z0BgpwntpS89m1H/TLF0zNfzfLMV/9Wa/6MZsj0acpEjAO0KF1xT6ZdLl95w==
  
  is-core-module@^2.2.0:
    version "2.8.0"
    resolved "https://registry.npmjs.org/is-core-module/-/is-core-module-2.8.0.tgz"
    integrity sha512-vd15qHsaqrRL7dtH6QNuy0ndJmRDrS9HAM1CAiSifNUFv4x1a0CCVsj18hJ1mShxIG6T2i1sO78MkP56r0nYRw==
    dependencies:
      has "^1.0.3"
  
  is-date-object@^1.0.1:
    version "1.0.5"
    resolved "https://registry.npmjs.org/is-date-object/-/is-date-object-1.0.5.tgz"
    integrity sha512-9YQaSxsAiSwcvS33MBk3wTCVnWK+HhF8VZR2jRxehM16QcVOdHqPn4VPHmRK4lSr38n9JriurInLcP90xsYNfQ==
    dependencies:
      has-tostringtag "^1.0.0"
  
  is-expression@^4.0.0:
    version "4.0.0"
    resolved "https://registry.npmjs.org/is-expression/-/is-expression-4.0.0.tgz"
    integrity sha512-zMIXX63sxzG3XrkHkrAPvm/OVZVSCPNkwMHU8oTX7/U3AL78I0QXCEICXUM13BIa8TYGZ68PiTKfQz3yaTNr4A==
    dependencies:
      acorn "^7.1.1"
      object-assign "^4.1.1"
  
  is-extendable@^0.1.0:
    version "0.1.1"
    resolved "https://registry.npmjs.org/is-extendable/-/is-extendable-0.1.1.tgz"
    integrity sha1-YrEQ4omkcUGOPsNqYX1HLjAd/Ik= sha512-5BMULNob1vgFX6EjQw5izWDxrecWK9AM72rugNr0TFldMOi0fj6Jk+zeKIt0xGj4cEfQIJth4w3OKWOJ4f+AFw==
  
  is-extglob@^2.1.1:
    version "2.1.1"
    resolved "https://registry.npmjs.org/is-extglob/-/is-extglob-2.1.1.tgz"
    integrity sha1-qIwCU1eR8C7TfHahueqXc8gz+MI= sha512-SbKbANkN603Vi4jEZv49LeVJMn4yGwsbzZworEoyEiutsN3nJYdbO36zfhGJ6QEDpOZIFkDtnq5JRxmvl3jsoQ==
  
  is-fullwidth-code-point@^1.0.0:
    version "1.0.0"
    resolved "https://registry.npmjs.org/is-fullwidth-code-point/-/is-fullwidth-code-point-1.0.0.tgz"
    integrity sha1-754xOG8DGn8NZDr4L95QxFfvAMs= sha512-1pqUqRjkhPJ9miNq9SwMfdvi6lBJcd6eFxvfaivQhaH3SgisfiuudvFntdKOmxuee/77l+FPjKrQjWvmPjWrRw==
    dependencies:
      number-is-nan "^1.0.0"
  
  is-fullwidth-code-point@^3.0.0:
    version "3.0.0"
    resolved "https://registry.npmjs.org/is-fullwidth-code-point/-/is-fullwidth-code-point-3.0.0.tgz"
    integrity sha512-zymm5+u+sCsSWyD9qNaejV3DFvhCKclKdizYaJUuHA83RLjb7nSuGnddCHGv0hk+KY7BMAlsWeK4Ueg6EV6XQg==
  
  is-glob@^4.0.1, is-glob@~4.0.1:
    version "4.0.3"
    resolved "https://registry.npmjs.org/is-glob/-/is-glob-4.0.3.tgz"
    integrity sha512-xelSayHH36ZgE7ZWhli7pW34hNbNl8Ojv5KVmkJD4hBdD3th8Tfk9vYasLM+mXWOZhFkgZfxhLSnrwRr4elSSg==
    dependencies:
      is-extglob "^2.1.1"
  
  is-negative-zero@^2.0.1:
    version "2.0.2"
    resolved "https://registry.npmjs.org/is-negative-zero/-/is-negative-zero-2.0.2.tgz"
    integrity sha512-dqJvarLawXsFbNDeJW7zAz8ItJ9cd28YufuuFzh0G8pNHjJMnY08Dv7sYX2uF5UpQOwieAeOExEYAWWfu7ZZUA==
  
  is-number-like@^1.0.3:
    version "1.0.8"
    resolved "https://registry.npmjs.org/is-number-like/-/is-number-like-1.0.8.tgz"
    integrity sha512-6rZi3ezCyFcn5L71ywzz2bS5b2Igl1En3eTlZlvKjpz1n3IZLAYMbKYAIQgFmEu0GENg92ziU/faEOA/aixjbA==
    dependencies:
      lodash.isfinite "^3.3.2"
  
  is-number-object@^1.0.4:
    version "1.0.6"
    resolved "https://registry.npmjs.org/is-number-object/-/is-number-object-1.0.6.tgz"
    integrity sha512-bEVOqiRcvo3zO1+G2lVMy+gkkEm9Yh7cDMRusKKu5ZJKPUYSJwICTKZrNKHA2EbSP0Tu0+6B/emsYNHZyn6K8g==
    dependencies:
      has-tostringtag "^1.0.0"
  
  is-number@^7.0.0:
    version "7.0.0"
    resolved "https://registry.npmjs.org/is-number/-/is-number-7.0.0.tgz"
    integrity sha512-41Cifkg6e8TylSpdtTpeLVMqvSBEVzTttHvERD741+pnZ8ANv0004MRL43QKPDlK9cGvNp6NZWZUBlbGXYxxng==
  
  is-path-cwd@^1.0.0:
    version "1.0.0"
    resolved "https://registry.npmjs.org/is-path-cwd/-/is-path-cwd-1.0.0.tgz"
    integrity sha1-0iXsIxMuie3Tj9p2dHLmLmXxEG0= sha512-cnS56eR9SPAscL77ik76ATVqoPARTqPIVkMDVxRaWH06zT+6+CzIroYRJ0VVvm0Z1zfAvxvz9i/D3Ppjaqt5Nw==
  
  is-path-in-cwd@^1.0.0:
    version "1.0.1"
    resolved "https://registry.npmjs.org/is-path-in-cwd/-/is-path-in-cwd-1.0.1.tgz"
    integrity sha512-FjV1RTW48E7CWM7eE/J2NJvAEEVektecDBVBE5Hh3nM1Jd0kvhHtX68Pr3xsDf857xt3Y4AkwVULK1Vku62aaQ==
    dependencies:
      is-path-inside "^1.0.0"
  
  is-path-inside@^1.0.0:
    version "1.0.1"
    resolved "https://registry.npmjs.org/is-path-inside/-/is-path-inside-1.0.1.tgz"
    integrity sha1-jvW33lBDej/cprToZe96pVy0gDY= sha512-qhsCR/Esx4U4hg/9I19OVUAJkGWtjRYHMRgUMZE2TDdj+Ag+kttZanLupfddNyglzz50cUlmWzUaI37GDfNx/g==
    dependencies:
      path-is-inside "^1.0.1"
  
  is-promise@^2.0.0:
    version "2.2.2"
    resolved "https://registry.npmjs.org/is-promise/-/is-promise-2.2.2.tgz"
    integrity sha512-+lP4/6lKUBfQjZ2pdxThZvLUAafmZb8OAxFb8XXtiQmS35INgr85hdOGoEs124ez1FCnZJt6jau/T+alh58QFQ==
  
  is-regex@^1.0.3, is-regex@^1.1.4:
    version "1.1.4"
    resolved "https://registry.npmjs.org/is-regex/-/is-regex-1.1.4.tgz"
    integrity sha512-kvRdxDsxZjhzUX07ZnLydzS1TU/TJlTUHHY4YLL87e37oUA49DfkLqgy+VjFocowy29cKvcSiu+kIv728jTTVg==
    dependencies:
      call-bind "^1.0.2"
      has-tostringtag "^1.0.0"
  
  is-relative@^1.0.0:
    version "1.0.0"
    resolved "https://registry.npmjs.org/is-relative/-/is-relative-1.0.0.tgz"
    integrity sha512-Kw/ReK0iqwKeu0MITLFuj0jbPAmEiOsIwyIXvvbfa6QfmN9pkD1M+8pdk7Rl/dTKbH34/XBFMbgD4iMJhLQbGA==
    dependencies:
      is-unc-path "^1.0.0"
  
  is-shared-array-buffer@^1.0.1:
    version "1.0.1"
    resolved "https://registry.npmjs.org/is-shared-array-buffer/-/is-shared-array-buffer-1.0.1.tgz"
    integrity sha512-IU0NmyknYZN0rChcKhRO1X8LYz5Isj/Fsqh8NJOSf+N/hCOTwy29F32Ik7a+QszE63IdvmwdTPDd6cZ5pg4cwA==
  
  is-string@^1.0.5, is-string@^1.0.7:
    version "1.0.7"
    resolved "https://registry.npmjs.org/is-string/-/is-string-1.0.7.tgz"
    integrity sha512-tE2UXzivje6ofPW7l23cjDOMa09gb7xlAqG6jG5ej6uPV32TlWP3NKPigtaGeHNu9fohccRYvIiZMfOOnOYUtg==
    dependencies:
      has-tostringtag "^1.0.0"
  
  is-symbol@^1.0.2, is-symbol@^1.0.3:
    version "1.0.4"
    resolved "https://registry.npmjs.org/is-symbol/-/is-symbol-1.0.4.tgz"
    integrity sha512-C/CPBqKWnvdcxqIARxyOh4v1UUEOCHpgDa0WYgpKDFMszcrPcffg5uhwSgPCLD2WWxmq6isisz87tzT01tuGhg==
    dependencies:
      has-symbols "^1.0.2"
  
  is-unc-path@^1.0.0:
    version "1.0.0"
    resolved "https://registry.npmjs.org/is-unc-path/-/is-unc-path-1.0.0.tgz"
    integrity sha512-mrGpVd0fs7WWLfVsStvgF6iEJnbjDFZh9/emhRDcGWTduTfNHd9CHeUwH3gYIjdbwo4On6hunkztwOaAw0yllQ==
    dependencies:
      unc-path-regex "^0.1.2"
  
  is-weakref@^1.0.1:
    version "1.0.2"
    resolved "https://registry.npmjs.org/is-weakref/-/is-weakref-1.0.2.tgz"
    integrity sha512-qctsuLZmIQ0+vSSMfoVvyFe2+GSEvnmZ2ezTup1SBse9+twCCeial6EEi3Nc2KFcf6+qz2FBPnjXsk8xhKSaPQ==
    dependencies:
      call-bind "^1.0.2"
  
  is-whitespace@^0.3.0:
    version "0.3.0"
    resolved "https://registry.npmjs.org/is-whitespace/-/is-whitespace-0.3.0.tgz"
    integrity sha1-Fjnssb4DauxppUy7QBz77XEUq38= sha512-RydPhl4S6JwAyj0JJjshWJEFG6hNye3pZFBRZaTUfZFwGHxzppNaNOVgQuS/E/SlhrApuMXrpnK1EEIXfdo3Dg==
  
  is-windows@^1.0.1:
    version "1.0.2"
    resolved "https://registry.npmjs.org/is-windows/-/is-windows-1.0.2.tgz"
    integrity sha512-eXK1UInq2bPmjyX6e3VHIzMLobc4J94i4AWn+Hpq3OU5KkrRC96OAcR3PRJ/pGu6m8TRnBHP9dkXQVsT/COVIA==
  
  is-wsl@^1.1.0:
    version "1.1.0"
    resolved "https://registry.npmjs.org/is-wsl/-/is-wsl-1.1.0.tgz"
    integrity sha1-HxbkqiKwTRM2tmGIpmrzxgDDpm0= sha512-gfygJYZ2gLTDlmbWMI0CE2MwnFzSN/2SZfkMlItC4K/JBlsWVDB0bO6XhqcY13YXE7iMcAJnzTCJjPiTeJJ0Mw==
  
  isarray@~1.0.0:
    version "1.0.0"
    resolved "https://registry.npmjs.org/isarray/-/isarray-1.0.0.tgz"
    integrity sha1-u5NdSFgsuhaMBoNJV6VKPgcSTxE= sha512-VLghIWNM6ELQzo7zwmcg0NmTVyWKYjvIeM83yjp0wRDTmUnrM678fQbcKBo6n2CJEF0szoG//ytg+TKla89ALQ==
  
  isarray@2.0.1:
    version "2.0.1"
    resolved "https://registry.npmjs.org/isarray/-/isarray-2.0.1.tgz"
    integrity sha1-o32U7ZzaLVmGXJ92/llu4fM4dB4= sha512-c2cu3UxbI+b6kR3fy0nRnAhodsvR9dx7U5+znCOzdj6IfP3upFURTr0Xl5BlQZNKZjEtxrmVyfSdeE3O57smoQ==
  
  isexe@^2.0.0:
    version "2.0.0"
    resolved "https://registry.npmjs.org/isexe/-/isexe-2.0.0.tgz"
    integrity sha1-6PvzdNxVb/iUehDcsFctYz8s+hA= sha512-RHxMLp9lnKHGHRng9QFhRCMbYAcVpn69smSGcq3f36xjgVVWThj4qqLbTLlq7Ssj8B+fIQ1EuCEGI2lKsyQeIw==
  
  javascript-stringify@^2.0.1:
    version "2.1.0"
    resolved "https://registry.npmjs.org/javascript-stringify/-/javascript-stringify-2.1.0.tgz"
    integrity sha512-JVAfqNPTvNq3sB/VHQJAFxN/sPgKnsKrCwyRt15zwNCdrMMJDdcEOdubuy+DuJYYdm0ox1J4uzEuYKkN+9yhVg==
  
  js-beautify@^1.6.12:
    version "1.14.0"
    resolved "https://registry.npmjs.org/js-beautify/-/js-beautify-1.14.0.tgz"
    integrity sha512-yuck9KirNSCAwyNJbqW+BxJqJ0NLJ4PwBUzQQACl5O3qHMBXVkXb/rD0ilh/Lat/tn88zSZ+CAHOlk0DsY7GuQ==
    dependencies:
      config-chain "^1.1.12"
      editorconfig "^0.15.3"
      glob "^7.1.3"
      nopt "^5.0.0"
  
  js-stringify@^1.0.2:
    version "1.0.2"
    resolved "https://registry.npmjs.org/js-stringify/-/js-stringify-1.0.2.tgz"
    integrity sha1-Fzb939lyTyijaCrcYjCufk6Weds= sha512-rtS5ATOo2Q5k1G+DADISilDA6lv79zIiwFd6CcjuIxGKLFm5C+RLImRscVap9k55i+MOZwgliw+NejvkLuGD5g==
  
  js-yaml@^3.13.1:
    version "3.14.1"
    resolved "https://registry.npmjs.org/js-yaml/-/js-yaml-3.14.1.tgz"
    integrity sha512-okMH7OXXJ7YrN9Ok3/SXrnu4iX9yOk+25nqX4imS2npuvTYDmo/QEZoqwZkYaIDk3jVvBOTOIEgEhaLOynBS9g==
    dependencies:
      argparse "^1.0.7"
      esprima "^4.0.0"
  
  js-yaml@^4.1.0:
    version "4.1.0"
    resolved "https://registry.npmjs.org/js-yaml/-/js-yaml-4.1.0.tgz"
    integrity sha512-wpxZs9NoxZaJESJGIZTyDEaYpl0FKSA+FB9aJiyemKhMwkxQg63h4T1KJgUGHpTqPDNRcmmYLugrRjJlBtWvRA==
    dependencies:
      argparse "^2.0.1"
  
  json-parse-better-errors@^1.0.1:
    version "1.0.2"
    resolved "https://registry.npmjs.org/json-parse-better-errors/-/json-parse-better-errors-1.0.2.tgz"
    integrity sha512-mrqyZKfX5EhL7hvqcV6WG1yYjnjeuYDzDhhcAAUrq8Po85NBQBJP+ZDUT75qZQ98IkUoBqdkExkukOU7Ts2wrw==
  
  jsonfile@^3.0.0:
    version "3.0.1"
    resolved "https://registry.npmjs.org/jsonfile/-/jsonfile-3.0.1.tgz"
    integrity sha1-pezG9l9T9mLEQVx2daAzHQmS7GY= sha512-oBko6ZHlubVB5mRFkur5vgYR1UyqX+S6Y/oCfLhqNdcc2fYFlDpIoNc7AfKS1KOGcnNAkvsr0grLck9ANM815w==
    optionalDependencies:
      graceful-fs "^4.1.6"
  
  jsonfile@^4.0.0:
    version "4.0.0"
    resolved "https://registry.npmjs.org/jsonfile/-/jsonfile-4.0.0.tgz"
    integrity sha1-h3Gq4HmbZAdrdmQPygWPnBDjPss= sha512-m6F1R3z8jjlf2imQHS2Qez5sjKWQzbuuhuJ/FKYFRZvPE3PuHcSMVZzfsLhGVOkfd20obL5SWEBew5ShlquNxg==
    optionalDependencies:
      graceful-fs "^4.1.6"
  
  jstransformer@1.0.0:
    version "1.0.0"
    resolved "https://registry.npmjs.org/jstransformer/-/jstransformer-1.0.0.tgz"
    integrity sha1-7Yvwkh4vPx7U1cGkT2hwntJHIsM= sha512-C9YK3Rf8q6VAPDCCU9fnqo3mAfOH6vUGnMcP4AQAYIEpWtfGLpwOTmZ+igtdK5y+VvI2n3CyYSzy4Qh34eq24A==
    dependencies:
      is-promise "^2.0.0"
      promise "^7.0.1"
  
  junk@^1.0.1:
    version "1.0.3"
    resolved "https://registry.npmjs.org/junk/-/junk-1.0.3.tgz"
    integrity sha1-h75jSIZJy9ym9Tqzm+yczSNH9ZI= sha512-3KF80UaaSSxo8jVnRYtMKNGFOoVPBdkkVPsw+Ad0y4oxKXPduS6G6iHkrf69yJVff/VAaYXkV42rtZ7daJxU3w==
  
  kind-of@^3.0.2:
    version "3.2.2"
    resolved "https://registry.npmjs.org/kind-of/-/kind-of-3.2.2.tgz"
    integrity sha1-MeohpzS6ubuw8yRm2JOupR5KPGQ= sha512-NOW9QQXMoZGg/oqnVNoNTTIFEIid1627WCffUBJEdMxYApq7mNE7CpzucIPc+ZQg25Phej7IJSmX3hO+oblOtQ==
    dependencies:
      is-buffer "^1.1.5"
  
  kind-of@^6.0.0, kind-of@^6.0.2:
    version "6.0.3"
    resolved "https://registry.npmjs.org/kind-of/-/kind-of-6.0.3.tgz"
    integrity sha512-dcS1ul+9tmeD95T+x28/ehLgd9mENa3LsvDTtzm3vyBEO7RPptvAD+t44WVXaUjTBRcrpFeFlC8WCruUR456hw==
  
  limiter@^1.0.5:
    version "1.1.5"
    resolved "https://registry.npmjs.org/limiter/-/limiter-1.1.5.tgz"
    integrity sha512-FWWMIEOxz3GwUI4Ts/IvgVy6LPvoMPgjMdQ185nN6psJyBJ4yOpzqm695/h5umdLJg2vW3GR5iG11MAkR2AzJA==
  
  linkify-it@^2.0.0:
    version "2.2.0"
    resolved "https://registry.npmjs.org/linkify-it/-/linkify-it-2.2.0.tgz"
    integrity sha512-GnAl/knGn+i1U/wjBz3akz2stz+HrHLsxMwHQGofCDfPvlf+gDKN58UtfmUquTY4/MXeE2x7k19KQmeoZi94Iw==
    dependencies:
      uc.micro "^1.0.1"
  
  liquidjs@^6.4.3:
    version "6.4.3"
    resolved "https://registry.npmjs.org/liquidjs/-/liquidjs-6.4.3.tgz"
    integrity sha512-m1xSB10Ncu22NR3X0xdaqu/GvP1xadDCFYGqGgd6me8DAWjyA68BKE5DHJmSxw1CGsWPsX+Hj2v/87J2w/LvMQ==
  
  load-json-file@^4.0.0:
    version "4.0.0"
    resolved "https://registry.npmjs.org/load-json-file/-/load-json-file-4.0.0.tgz"
    integrity sha1-L19Fq5HjMhYjT9U62rZo607AmTs= sha512-Kx8hMakjX03tiGTLAIdJ+lL0htKnXjEZN6hk/tozf/WOuYGdZBJrZ+rCJRbVCugsjB3jMLn9746NsQIf5VjBMw==
    dependencies:
      graceful-fs "^4.1.2"
      parse-json "^4.0.0"
      pify "^3.0.0"
      strip-bom "^3.0.0"
  
  localtunnel@^2.0.1:
    version "2.0.2"
    resolved "https://registry.npmjs.org/localtunnel/-/localtunnel-2.0.2.tgz"
    integrity sha512-n418Cn5ynvJd7m/N1d9WVJISLJF/ellZnfsLnx8WBWGzxv/ntNcFkJ1o6se5quUhCplfLGBNL5tYHiq5WF3Nug==
    dependencies:
      axios "0.21.4"
      debug "4.3.2"
      openurl "1.1.1"
      yargs "17.1.1"
  
  locate-path@^5.0.0:
    version "5.0.0"
    resolved "https://registry.npmjs.org/locate-path/-/locate-path-5.0.0.tgz"
    integrity sha512-t7hw9pI+WvuwNJXwk5zVHpyhIqzg2qTlklJOf0mVxGSbe3Fp2VieZcduNYjaLDoy6p9uGpQEGWG87WpMKlNq8g==
    dependencies:
      p-locate "^4.1.0"
  
  lodash.isfinite@^3.3.2:
    version "3.3.2"
    resolved "https://registry.npmjs.org/lodash.isfinite/-/lodash.isfinite-3.3.2.tgz"
    integrity sha1-+4m2WpqAKBgz8LdHizpRBPiY67M= sha512-7FGG40uhC8Mm633uKW1r58aElFlBlxCrg9JfSi3P6aYiWmfiWF0PgMd86ZUsxE5GwWPdHoS2+48bwTh2VPkIQA==
  
  lodash@^4.17.10, lodash@^4.17.21:
    version "4.17.21"
    resolved "https://registry.npmjs.org/lodash/-/lodash-4.17.21.tgz"
    integrity sha512-v2kDEe57lecTulaDIuNTPy3Ry4gLGJ6Z1O3vE1krgXZNrsQ+LFTGHVxVjcXPs17LhbZVGedAJv8XZ1tvj5FvSg==
  
  lower-case@^1.1.1:
    version "1.1.4"
    resolved "https://registry.npmjs.org/lower-case/-/lower-case-1.1.4.tgz"
    integrity sha1-miyr0bno4K6ZOkv31YdcOcQujqw= sha512-2Fgx1Ycm599x+WGpIYwJOvsjmXFzTSc34IwDWALRA/8AopUKAVPwfJ+h5+f85BCp0PWmmJcWzEpxOpoXycMpdA==
  
  lru-cache@^4.1.5:
    version "4.1.5"
    resolved "https://registry.npmjs.org/lru-cache/-/lru-cache-4.1.5.tgz"
    integrity sha512-sWZlbEP2OsHNkXrMl5GYk/jKk70MBng6UU4YI/qGDYbgf6YbP4EvmqISbXCoJiRKs+1bSpFHVgQxvJ17F2li5g==
    dependencies:
      pseudomap "^1.0.2"
      yallist "^2.1.2"
  
  lru-cache@^6.0.0:
    version "6.0.0"
    resolved "https://registry.npmjs.org/lru-cache/-/lru-cache-6.0.0.tgz"
    integrity sha512-Jo6dJ04CmSjuznwJSS3pUeWmd/H0ffTlkXXgwZi+eq1UCmqQwCh+eLsYOYCwY991i2Fah4h1BEMCx4qThGbsiA==
    dependencies:
      yallist "^4.0.0"
  
  luxon@^1.22.0:
    version "1.28.0"
    resolved "https://registry.npmjs.org/luxon/-/luxon-1.28.0.tgz"
    integrity sha512-TfTiyvZhwBYM/7QdAVDh+7dBTBA29v4ik0Ce9zda3Mnf8on1S5KJI8P2jKFZ8+5C0jhmr0KwJEO/Wdpm0VeWJQ==
  
  luxon@^1.26.0:
    version "1.28.0"
    resolved "https://registry.npmjs.org/luxon/-/luxon-1.28.0.tgz"
    integrity sha512-TfTiyvZhwBYM/7QdAVDh+7dBTBA29v4ik0Ce9zda3Mnf8on1S5KJI8P2jKFZ8+5C0jhmr0KwJEO/Wdpm0VeWJQ==
  
  luxon@^2.2.0:
    version "2.2.0"
    resolved "https://registry.npmjs.org/luxon/-/luxon-2.2.0.tgz"
    integrity sha512-LwmknessH4jVIseCsizUgveIHwlLv/RQZWC2uDSMfGJs7w8faPUi2JFxfyfMcTPrpNbChTem3Uz6IKRtn+LcIA==
  
  map-cache@^0.2.0:
    version "0.2.2"
    resolved "https://registry.npmjs.org/map-cache/-/map-cache-0.2.2.tgz"
    integrity sha1-wyq9C9ZSXZsFFkW7TyasXcmKDb8= sha512-8y/eV9QQZCiyn1SprXSrCmqJN0yNRATe+PO8ztwqrvrbdRLA3eYJF0yaR0YayLWkMbsQSKWS9N2gPcGEc4UsZg==
  
  markdown-it@^10.0.0:
    version "10.0.0"
    resolved "https://registry.npmjs.org/markdown-it/-/markdown-it-10.0.0.tgz"
    integrity sha512-YWOP1j7UbDNz+TumYP1kpwnP0aEa711cJjrAQrzd0UXlbJfc5aAq0F/PZHjiioqDC1NKgvIMX+o+9Bk7yuM2dg==
    dependencies:
      argparse "^1.0.7"
      entities "~2.0.0"
      linkify-it "^2.0.0"
      mdurl "^1.0.1"
      uc.micro "^1.0.5"
  
  maximatch@^0.1.0:
    version "0.1.0"
    resolved "https://registry.npmjs.org/maximatch/-/maximatch-0.1.0.tgz"
    integrity sha1-hs2NawTJ8wfAWmuUGZBtA2D7E6I= sha512-9ORVtDUFk4u/NFfo0vG/ND/z7UQCVZBL539YW0+U1I7H1BkZwizcPx5foFv7LCPcBnm2U6RjFnQOsIvN4/Vm2A==
    dependencies:
      array-differ "^1.0.0"
      array-union "^1.0.1"
      arrify "^1.0.0"
      minimatch "^3.0.0"
  
  mdurl@^1.0.1:
    version "1.0.1"
    resolved "https://registry.npmjs.org/mdurl/-/mdurl-1.0.1.tgz"
    integrity sha1-/oWy7HWlkDfyrf7BAP1sYBdhFS4= sha512-/sKlQJCBYVY9Ers9hqzKou4H6V5UWc/M59TH2dvkt+84itfnq7uFOMLpOiOS4ujvHP4etln18fmIxA5R5fll0g==
  
  memorystream@^0.3.1:
    version "0.3.1"
    resolved "https://registry.npmjs.org/memorystream/-/memorystream-0.3.1.tgz"
    integrity sha1-htcJCzDORV1j+64S3aUaR93K+bI= sha512-S3UwM3yj5mtUSEfP41UZmt/0SCoVYUcU1rkXv+BQ5Ig8ndL4sPoJNBUJERafdPb5jjHJGuMgytgKvKIf58XNBw==
  
  merge2@^1.3.0:
    version "1.4.1"
    resolved "https://registry.npmjs.org/merge2/-/merge2-1.4.1.tgz"
    integrity sha512-8q7VEgMJW4J8tcfVPy8g09NcQwZdbwFEqhe/WZkoIzjn/3TGDwtOCYtXGxA3O8tPzpczCCDgv+P2P5y00ZJOOg==
  
  micromatch@^4.0.2, micromatch@^4.0.4:
    version "4.0.4"
    resolved "https://registry.npmjs.org/micromatch/-/micromatch-4.0.4.tgz"
    integrity sha512-pRmzw/XUcwXGpD9aI9q/0XOwLNygjETJ8y0ao0wdqprrzDa4YnxLcz7fQRZr8voh8V10kGhABbNcHVk5wHgWwg==
    dependencies:
      braces "^3.0.1"
      picomatch "^2.2.3"
  
  mime-db@1.51.0:
    version "1.51.0"
    resolved "https://registry.npmjs.org/mime-db/-/mime-db-1.51.0.tgz"
    integrity sha512-5y8A56jg7XVQx2mbv1lu49NR4dokRnhZYTtL+KGfaa27uq4pSTXkwQkFJl4pkRMyNFz/EtYDSkiiEHx3F7UN6g==
  
  mime-types@~2.1.17, mime-types@~2.1.24:
    version "2.1.34"
    resolved "https://registry.npmjs.org/mime-types/-/mime-types-2.1.34.tgz"
    integrity sha512-6cP692WwGIs9XXdOO4++N+7qjqv0rqxxVvJ3VHPh/Sc9mVZcQP+ZGhkKiTvWMQRr2tbHkJP/Yn7Y0npb3ZBs4A==
    dependencies:
      mime-db "1.51.0"
  
  mime@1.4.1:
    version "1.4.1"
    resolved "https://registry.npmjs.org/mime/-/mime-1.4.1.tgz"
    integrity sha512-KI1+qOZu5DcW6wayYHSzR/tXKCDC5Om4s1z2QJjDULzLcmf3DvzS7oluY4HCTrc+9FiKmWUgeNLg7W3uIQvxtQ==
  
  mimic-response@^3.1.0:
    version "3.1.0"
    resolved "https://registry.npmjs.org/mimic-response/-/mimic-response-3.1.0.tgz"
    integrity sha512-z0yWI+4FDrrweS8Zmt4Ej5HdJmky15+L2e6Wgn3+iK5fWzb6T3fhNFq2+MeTRb064c6Wr4N/wv0DzQTjNzHNGQ==
  
  minimatch@^3.0.0, minimatch@^3.0.2, minimatch@^3.0.4:
    version "3.0.4"
    resolved "https://registry.npmjs.org/minimatch/-/minimatch-3.0.4.tgz"
    integrity sha512-yJHVQEhyqPLUTgt9B83PXu6W3rx4MvvHvSUvToogpwoGDOUQ+yDrR0HRot+yOCdCO7u4hX3pWft6kWBBcqh0UA==
    dependencies:
      brace-expansion "^1.1.7"
  
  minimist@^1.2.0, minimist@^1.2.3, minimist@^1.2.5:
    version "1.2.5"
    resolved "https://registry.npmjs.org/minimist/-/minimist-1.2.5.tgz"
    integrity sha512-FM9nNUYrRBAELZQT3xeZQ7fmMOBg6nWNmJKTcgsJeaLstP/UODVpGsr5OhXhhXg6f+qtJ8uiZ+PUxkDWcgIXLw==
  
  mitt@^1.1.3:
    version "1.2.0"
    resolved "https://registry.npmjs.org/mitt/-/mitt-1.2.0.tgz"
    integrity sha512-r6lj77KlwqLhIUku9UWYes7KJtsczvolZkzp8hbaDPPaE24OmWl5s539Mytlj22siEQKosZ26qCBgda2PKwoJw==
  
  mkdirp-classic@^0.5.2, mkdirp-classic@^0.5.3:
    version "0.5.3"
    resolved "https://registry.npmjs.org/mkdirp-classic/-/mkdirp-classic-0.5.3.tgz"
    integrity sha512-gKLcREMhtuZRwRAfqP3RFW+TK4JqApVBtOIftVgjuABpAtpxhPGaDcfvbhNvD0B8iD1oUr/txX35NjcaY6Ns/A==
  
  mkdirp@^0.5.1:
    version "0.5.5"
    resolved "https://registry.npmjs.org/mkdirp/-/mkdirp-0.5.5.tgz"
    integrity sha512-NKmAlESf6jMGym1++R0Ra7wvhV+wFW63FaSOFPwRahvea0gMUcGUhVeAg/0BC0wiv9ih5NYPB1Wn1UEI1/L+xQ==
    dependencies:
      minimist "^1.2.5"
  
  moo@^0.5.1:
    version "0.5.1"
    resolved "https://registry.npmjs.org/moo/-/moo-0.5.1.tgz"
    integrity sha512-I1mnb5xn4fO80BH9BLcF0yLypy2UKl+Cb01Fu0hJRkJjlCRtxZMWkTdAtDd5ZqCOxtCkhmRwyI57vWT+1iZ67w==
  
  ms@^2.1.1, ms@2.1.2:
    version "2.1.2"
    resolved "https://registry.npmjs.org/ms/-/ms-2.1.2.tgz"
    integrity sha512-sGkPx+VjMtmA6MX27oA4FBFELFCZZ4S4XqeGOXCv68tT+jb3vk/RyaKWP0PTKyWtmLSM0b+adUTEvbs1PEaH2w==
  
  ms@2.0.0:
    version "2.0.0"
    resolved "https://registry.npmjs.org/ms/-/ms-2.0.0.tgz"
    integrity sha1-VgiurfwAvmwpAd9fmGF4jeDVl8g= sha512-Tpp60P6IUJDTuOq/5Z8cdskzJujfwqfOTkrwIwj7IRISpnkJnT6SyJ4PCPnGMoFjC9ddhal5KVIYtAt97ix05A==
  
  multimatch@^4.0.0:
    version "4.0.0"
    resolved "https://registry.npmjs.org/multimatch/-/multimatch-4.0.0.tgz"
    integrity sha512-lDmx79y1z6i7RNx0ZGCPq1bzJ6ZoDDKbvh7jxr9SJcWLkShMzXrHbYVpTdnhNM5MXpDUxCQ4DgqVttVXlBgiBQ==
    dependencies:
      "@types/minimatch" "^3.0.3"
      array-differ "^3.0.0"
      array-union "^2.1.0"
      arrify "^2.0.1"
      minimatch "^3.0.4"
  
  mustache@^2.3.2:
    version "2.3.2"
    resolved "https://registry.npmjs.org/mustache/-/mustache-2.3.2.tgz"
    integrity sha512-KpMNwdQsYz3O/SBS1qJ/o3sqUJ5wSb8gb0pul8CO0S56b9Y2ALm8zCfsjPXsqGFfoNBkDwZuZIAjhsZI03gYVQ==
  
  nanoid@^3.1.30:
    version "3.1.30"
    resolved "https://registry.npmjs.org/nanoid/-/nanoid-3.1.30.tgz"
    integrity sha512-zJpuPDwOv8D2zq2WRoMe1HsfZthVewpel9CAvTfc/2mBD1uUT/agc5f7GHGWXlYkFvi1mVxe4IjvP2HNrop7nQ==
  
  napi-build-utils@^1.0.1:
    version "1.0.2"
    resolved "https://registry.npmjs.org/napi-build-utils/-/napi-build-utils-1.0.2.tgz"
    integrity sha512-ONmRUqK7zj7DWX0D9ADe03wbwOBZxNAfF20PlGfCWQcD3+/MakShIHrMqx9YwPTfxDdF1zLeL+RGZiR9kGMLdg==
  
  negotiator@0.6.2:
    version "0.6.2"
    resolved "https://registry.npmjs.org/negotiator/-/negotiator-0.6.2.tgz"
    integrity sha512-hZXc7K2e+PgeI1eDBe/10Ard4ekbfrrqG8Ep+8Jmf4JID2bNg7NvCPOZN+kfF574pFQI7mum2AUqDidoKqcTOw==
  
  neo-async@^2.6.0:
    version "2.6.2"
    resolved "https://registry.npmjs.org/neo-async/-/neo-async-2.6.2.tgz"
    integrity sha512-Yd3UES5mWCSqR+qNT93S3UoYUkqAZ9lLg8a7g9rimsWmYGK8cVToA4/sF3RrshdyV3sAGMXVUmpMYOw+dLpOuw==
  
  nice-try@^1.0.4:
    version "1.0.5"
    resolved "https://registry.npmjs.org/nice-try/-/nice-try-1.0.5.tgz"
    integrity sha512-1nh45deeb5olNY7eX82BkPO7SSxR5SSYJiPTrTdFUVYwAl8CKMA5N9PjTYkHiRjisVcxcQ1HXdLhx2qxxJzLNQ==
  
  no-case@^2.2.0:
    version "2.3.2"
    resolved "https://registry.npmjs.org/no-case/-/no-case-2.3.2.tgz"
    integrity sha512-rmTZ9kz+f3rCvK2TD1Ue/oZlns7OGoIWP4fc3llxxRXlOkHKoWPPWJOfFYpITabSow43QJbRIoHQXtt10VldyQ==
    dependencies:
      lower-case "^1.1.1"
  
  node-abi@^3.3.0:
    version "3.5.0"
    resolved "https://registry.npmjs.org/node-abi/-/node-abi-3.5.0.tgz"
    integrity sha512-LtHvNIBgOy5mO8mPEUtkCW/YCRWYEKshIvqhe1GHHyXEHEB5mgICyYnAcl4qan3uFeRROErKGzatFHPf6kDxWw==
    dependencies:
      semver "^7.3.5"
  
  node-addon-api@^4.2.0:
    version "4.2.0"
    resolved "https://registry.npmjs.org/node-addon-api/-/node-addon-api-4.2.0.tgz"
    integrity sha512-eazsqzwG2lskuzBqCGPi7Ac2UgOoMz8JVOXVhTvvPDYhthvNpefx8jWD8Np7Gv+2Sz0FlPWZk0nJV0z598Wn8Q==
  
  node-fetch@^2.6.1:
    version "2.6.6"
    resolved "https://registry.npmjs.org/node-fetch/-/node-fetch-2.6.6.tgz"
    integrity sha512-Z8/6vRlTUChSdIgMa51jxQ4lrw/Jy5SOW10ObaA47/RElsAN2c5Pn8bTgFGWn/ibwzXTE8qwr1Yzx28vsecXEA==
    dependencies:
      whatwg-url "^5.0.0"
  
  nopt@^5.0.0:
    version "5.0.0"
    resolved "https://registry.npmjs.org/nopt/-/nopt-5.0.0.tgz"
    integrity sha512-Tbj67rffqceeLpcRXrT7vKAN8CwfPeIBgM7E6iBkmKLV7bEMwpGgYLGv0jACUsECaa/vuxP0IjEont6umdMgtQ==
    dependencies:
      abbrev "1"
  
  normalize-package-data@^2.3.2:
    version "2.5.0"
    resolved "https://registry.npmjs.org/normalize-package-data/-/normalize-package-data-2.5.0.tgz"
    integrity sha512-/5CMN3T0R4XTj4DcGaexo+roZSdSFW/0AOOTROrjxzCG1wrWXEsGbRKevjlIL+ZDE4sZlJr5ED4YW0yqmkK+eA==
    dependencies:
      hosted-git-info "^2.1.4"
      resolve "^1.10.0"
      semver "2 || 3 || 4 || 5"
      validate-npm-package-license "^3.0.1"
  
  normalize-path@^3.0.0, normalize-path@~3.0.0:
    version "3.0.0"
    resolved "https://registry.npmjs.org/normalize-path/-/normalize-path-3.0.0.tgz"
    integrity sha512-6eZs5Ls3WtCisHWp9S2GUy8dqkpGi4BVSz3GaqiE6ezub0512ESztXUwUB6C6IKbQkY2Pnb/mD4WYojCRwcwLA==
  
  npm-run-all@^4.1.5:
    version "4.1.5"
    resolved "https://registry.npmjs.org/npm-run-all/-/npm-run-all-4.1.5.tgz"
    integrity sha512-Oo82gJDAVcaMdi3nuoKFavkIHBRVqQ1qvMb+9LHk/cF4P6B2m8aP04hGf7oL6wZ9BuGwX1onlLhpuoofSyoQDQ==
    dependencies:
      ansi-styles "^3.2.1"
      chalk "^2.4.1"
      cross-spawn "^6.0.5"
      memorystream "^0.3.1"
      minimatch "^3.0.4"
      pidtree "^0.3.0"
      read-pkg "^3.0.0"
      shell-quote "^1.6.1"
      string.prototype.padend "^3.0.0"
  
  npmlog@^4.0.1:
    version "4.1.2"
    resolved "https://registry.npmjs.org/npmlog/-/npmlog-4.1.2.tgz"
    integrity sha512-2uUqazuKlTaSI/dC8AzicUck7+IrEaOnN/e0jd3Xtt1KcGpwx30v50mL7oPyr/h9bL3E4aZccVwpwP+5W9Vjkg==
    dependencies:
      are-we-there-yet "~1.1.2"
      console-control-strings "~1.1.0"
      gauge "~2.7.3"
      set-blocking "~2.0.0"
  
  number-is-nan@^1.0.0:
    version "1.0.1"
    resolved "https://registry.npmjs.org/number-is-nan/-/number-is-nan-1.0.1.tgz"
    integrity sha1-CXtgK1NCKlIsGvuHkDGDNpQaAR0= sha512-4jbtZXNAsfZbAHiiqjLPBiCl16dES1zI4Hpzzxw61Tk+loF+sBDBKx1ICKKKwIqQ7M0mFn1TmkN7euSncWgHiQ==
  
  nunjucks@^3.2.3:
    version "3.2.3"
    resolved "https://registry.npmjs.org/nunjucks/-/nunjucks-3.2.3.tgz"
    integrity sha512-psb6xjLj47+fE76JdZwskvwG4MYsQKXUtMsPh6U0YMvmyjRtKRFcxnlXGWglNybtNTNVmGdp94K62/+NjF5FDQ==
    dependencies:
      a-sync-waterfall "^1.0.0"
      asap "^2.0.3"
      commander "^5.1.0"
  
  object-assign@^4.0.1, object-assign@^4.1.0, object-assign@^4.1.1:
    version "4.1.1"
    resolved "https://registry.npmjs.org/object-assign/-/object-assign-4.1.1.tgz"
    integrity sha1-IQmtx5ZYh8/AXLvUQsrIv7s2CGM= sha512-rJgTQnkUnH1sFw8yT6VSU3zD3sWmu6sZhIseY8VX+GRu3P6F7Fu+JNDoXfklElbLJSnc3FUQHVe4cU5hj+BcUg==
  
  object-inspect@^1.11.0, object-inspect@^1.9.0:
    version "1.12.0"
    resolved "https://registry.npmjs.org/object-inspect/-/object-inspect-1.12.0.tgz"
    integrity sha512-Ho2z80bVIvJloH+YzRmpZVQe87+qASmBUKZDWgx9cu+KDrX2ZDH/3tMy+gXbZETVGs2M8YdxObOh7XAtim9Y0g==
  
  object-keys@^1.0.12, object-keys@^1.1.1:
    version "1.1.1"
    resolved "https://registry.npmjs.org/object-keys/-/object-keys-1.1.1.tgz"
    integrity sha512-NuAESUOUMrlIXOfHKzD6bpPu3tYt3xvjNdRIQ+FeT0lNb4K8WR70CaDxhuNguS2XG+GjkyMwOzsN5ZktImfhLA==
  
  object.assign@^4.1.2:
    version "4.1.2"
    resolved "https://registry.npmjs.org/object.assign/-/object.assign-4.1.2.tgz"
    integrity sha512-ixT2L5THXsApyiUPYKmW+2EHpXXe5Ii3M+f4e+aJFAHao5amFRW6J0OO6c/LU8Be47utCx2GL89hxGB6XSmKuQ==
    dependencies:
      call-bind "^1.0.0"
      define-properties "^1.1.3"
      has-symbols "^1.0.1"
      object-keys "^1.1.1"
  
  on-finished@~2.3.0:
    version "2.3.0"
    resolved "https://registry.npmjs.org/on-finished/-/on-finished-2.3.0.tgz"
    integrity sha1-IPEzZIGwg811M3mSoWlxqi2QaUc= sha512-ikqdkGAAyf/X/gPhXGvfgAytDZtDbr+bkNUJ0N9h5MI/dmdgCs3l6hoHrcUv41sRKew3jIwrp4qQDXiK99Utww==
    dependencies:
      ee-first "1.1.1"
  
  once@^1.3.0, once@^1.3.1, once@^1.4.0:
    version "1.4.0"
    resolved "https://registry.npmjs.org/once/-/once-1.4.0.tgz"
    integrity sha1-WDsap3WWHUsROsF9nFC6753Xa9E= sha512-lNaJgI+2Q5URQBkccEKHTQOPaXdUxnZZElQTZY0MFUAuaEqe1E+Nyvgdz/aIyNi6Z9MzO5dv1H8n58/GELp3+w==
    dependencies:
      wrappy "1"
  
  openurl@1.1.1:
    version "1.1.1"
    resolved "https://registry.npmjs.org/openurl/-/openurl-1.1.1.tgz"
    integrity sha1-OHW0sO96UsFW8NtB1GCduw+Us4c= sha512-d/gTkTb1i1GKz5k3XE3XFV/PxQ1k45zDqGP2OA7YhgsaLoqm6qRvARAZOFer1fcXritWlGBRCu/UgeS4HAnXAA==
  
  opn@5.3.0:
    version "5.3.0"
    resolved "https://registry.npmjs.org/opn/-/opn-5.3.0.tgz"
    integrity sha512-bYJHo/LOmoTd+pfiYhfZDnf9zekVJrY+cnS2a5F2x+w5ppvTqObojTP7WiFG+kVZs9Inw+qQ/lw7TroWwhdd2g==
    dependencies:
      is-wsl "^1.1.0"
  
  p-finally@^1.0.0:
    version "1.0.0"
    resolved "https://registry.npmjs.org/p-finally/-/p-finally-1.0.0.tgz"
    integrity sha1-P7z7FbiZpEEjs0ttzBi3JDNqLK4= sha512-LICb2p9CB7FS+0eR1oqWnHhp0FljGLZCWBE9aix0Uye9W8LTQPwMTYVGWQWIw9RdQiDg4+epXQODwIYJtSJaow==
  
  p-limit@^2.2.0:
    version "2.3.0"
    resolved "https://registry.npmjs.org/p-limit/-/p-limit-2.3.0.tgz"
    integrity sha512-//88mFWSJx8lxCzwdAABTJL2MyWB12+eIY7MDL2SqLmAkeKU9qxRvWuSyTjm3FUmpBEMuFfckAIqEaVGUDxb6w==
    dependencies:
      p-try "^2.0.0"
  
  p-locate@^4.1.0:
    version "4.1.0"
    resolved "https://registry.npmjs.org/p-locate/-/p-locate-4.1.0.tgz"
    integrity sha512-R79ZZ/0wAxKGu3oYMlz8jy/kbhsNrS7SKZ7PxEHBgJ5+F2mtFW2fK2cOtBh1cHYkQsbzFV7I+EoRKe6Yt0oK7A==
    dependencies:
      p-limit "^2.2.0"
  
  p-queue@^6.6.2:
    version "6.6.2"
    resolved "https://registry.npmjs.org/p-queue/-/p-queue-6.6.2.tgz"
    integrity sha512-RwFpb72c/BhQLEXIZ5K2e+AhgNVmIejGlTgiB9MzZ0e93GRvqZ7uSi0dvRF7/XIXDeNkra2fNHBxTyPDGySpjQ==
    dependencies:
      eventemitter3 "^4.0.4"
      p-timeout "^3.2.0"
  
  p-timeout@^3.2.0:
    version "3.2.0"
    resolved "https://registry.npmjs.org/p-timeout/-/p-timeout-3.2.0.tgz"
    integrity sha512-rhIwUycgwwKcP9yTOOFK/AKsAopjjCakVqLHePO3CC6Mir1Z99xT+R63jZxAT5lFZLa2inS5h+ZS2GvR99/FBg==
    dependencies:
      p-finally "^1.0.0"
  
  p-try@^2.0.0:
    version "2.2.0"
    resolved "https://registry.npmjs.org/p-try/-/p-try-2.2.0.tgz"
    integrity sha512-R4nPAVTAU0B9D35/Gk3uJf/7XYbQcyohSKdvAxIRSNghFl4e71hVoGnBNQz9cWaXxO2I10KTC+3jMdvvoKw6dQ==
  
  param-case@^2.1.1:
    version "2.1.1"
    resolved "https://registry.npmjs.org/param-case/-/param-case-2.1.1.tgz"
    integrity sha1-35T9jPZTHs915r75oIWPvHK+Ikc= sha512-eQE845L6ot89sk2N8liD8HAuH4ca6Vvr7VWAWwt7+kvvG5aBcPmmphQ68JsEG2qa9n1TykS2DLeMt363AAH8/w==
    dependencies:
      no-case "^2.2.0"
  
  parse-filepath@^1.0.2:
    version "1.0.2"
    resolved "https://registry.npmjs.org/parse-filepath/-/parse-filepath-1.0.2.tgz"
    integrity sha1-pjISf1Oq89FYdvWHLz/6x2PWyJE= sha512-FwdRXKCohSVeXqwtYonZTXtbGJKrn+HNyWDYVcp5yuJlesTwNH4rsmRZ+GrKAPJ5bLpRxESMeS+Rl0VCHRvB2Q==
    dependencies:
      is-absolute "^1.0.0"
      map-cache "^0.2.0"
      path-root "^0.1.1"
  
  parse-json@^4.0.0:
    version "4.0.0"
    resolved "https://registry.npmjs.org/parse-json/-/parse-json-4.0.0.tgz"
    integrity sha1-vjX1Qlvh9/bHRxhPmKeIy5lHfuA= sha512-aOIos8bujGN93/8Ox/jPLh7RwVnPEysynVFE+fQZyg6jKELEHwzgKdLRFHUgXJL6kylijVSBC4BvN9OmsB48Rw==
    dependencies:
      error-ex "^1.3.1"
      json-parse-better-errors "^1.0.1"
  
  parse-ms@^0.1.0:
    version "0.1.2"
    resolved "https://registry.npmjs.org/parse-ms/-/parse-ms-0.1.2.tgz"
    integrity sha1-3T+iXtbC78e93hKtm0bBY6opIk4= sha512-VwMglE9412ifMHcRFEVJePEpreQh90wjIiOdP0UQQGKV4l+QprdKI+p5noXTkmGjznBMb40s+VymcclATAVvYA==
  
  parseqs@0.0.6:
    version "0.0.6"
    resolved "https://registry.npmjs.org/parseqs/-/parseqs-0.0.6.tgz"
    integrity sha512-jeAGzMDbfSHHA091hr0r31eYfTig+29g3GKKE/PPbEQ65X0lmMwlEoqmhzu0iztID5uJpZsFlUPDP8ThPL7M8w==
  
  parseuri@0.0.6:
    version "0.0.6"
    resolved "https://registry.npmjs.org/parseuri/-/parseuri-0.0.6.tgz"
    integrity sha512-AUjen8sAkGgao7UyCX6Ahv0gIK2fABKmYjvP4xmy5JaKvcbTRueIqIPHLAfq30xJddqSE033IOMUSOMCcK3Sow==
  
  parseurl@~1.3.2:
    version "1.3.3"
    resolved "https://registry.npmjs.org/parseurl/-/parseurl-1.3.3.tgz"
    integrity sha512-CiyeOxFT/JZyN5m0z9PfXw4SCBJ6Sygz1Dpl0wqjlhDEGGBP1GnsUVEL0p63hoG1fcj3fHynXi9NYO4nWOL+qQ==
  
  path-exists@^4.0.0:
    version "4.0.0"
    resolved "https://registry.npmjs.org/path-exists/-/path-exists-4.0.0.tgz"
    integrity sha512-ak9Qy5Q7jYb2Wwcey5Fpvg2KoAc/ZIhLSLOSBmRmygPsGwkVVt0fZa0qrtMz+m6tJTAHfZQ8FnmB4MG4LWy7/w==
  
  path-is-absolute@^1.0.0:
    version "1.0.1"
    resolved "https://registry.npmjs.org/path-is-absolute/-/path-is-absolute-1.0.1.tgz"
    integrity sha1-F0uSaHNVNP+8es5r9TpanhtcX18= sha512-AVbw3UJ2e9bq64vSaS9Am0fje1Pa8pbGqTTsmXfaIiMpnr5DlDhfJOuLj9Sf95ZPVDAUerDfEk88MPmPe7UCQg==
  
  path-is-inside@^1.0.1:
    version "1.0.2"
    resolved "https://registry.npmjs.org/path-is-inside/-/path-is-inside-1.0.2.tgz"
    integrity sha1-NlQX3t5EQw0cEa9hAn+s8HS9/FM= sha512-DUWJr3+ULp4zXmol/SZkFf3JGsS9/SIv+Y3Rt93/UjPpDpklB5f1er4O3POIbUuUJ3FXgqte2Q7SrU6zAqwk8w==
  
  path-key@^2.0.1:
    version "2.0.1"
    resolved "https://registry.npmjs.org/path-key/-/path-key-2.0.1.tgz"
    integrity sha1-QRyttXTFoUDTpLGRDUDYDMn0C0A= sha512-fEHGKCSmUSDPv4uoj8AlD+joPlq3peND+HRYyxFz4KPw4z926S/b8rIuFs2FYJg3BwsxJf6A9/3eIdLaYC+9Dw==
  
  path-parse@^1.0.6:
    version "1.0.7"
    resolved "https://registry.npmjs.org/path-parse/-/path-parse-1.0.7.tgz"
    integrity sha512-LDJzPVEEEPR+y48z93A0Ed0yXb8pAByGWo/k5YYdYgpY2/2EsOsksJrq7lOHxryrVOn1ejG6oAp8ahvOIQD8sw==
  
  path-root-regex@^0.1.0:
    version "0.1.2"
    resolved "https://registry.npmjs.org/path-root-regex/-/path-root-regex-0.1.2.tgz"
    integrity sha1-v8zcjfWxLcUsi0PsONGNcsBLqW0= sha512-4GlJ6rZDhQZFE0DPVKh0e9jmZ5egZfxTkp7bcRDuPlJXbAwhxcl2dINPUAsjLdejqaLsCeg8axcLjIbvBjN4pQ==
  
  path-root@^0.1.1:
    version "0.1.1"
    resolved "https://registry.npmjs.org/path-root/-/path-root-0.1.1.tgz"
    integrity sha1-mkpoFMrBwM1zNgqV8yCDyOpHRbc= sha512-QLcPegTHF11axjfojBIoDygmS2E3Lf+8+jI6wOVmNVenrKSo3mFdSGiIgdSHenczw3wPtlVMQaFVwGmM7BJdtg==
    dependencies:
      path-root-regex "^0.1.0"
  
  path-type@^3.0.0:
    version "3.0.0"
    resolved "https://registry.npmjs.org/path-type/-/path-type-3.0.0.tgz"
    integrity sha512-T2ZUsdZFHgA3u4e5PfPbjd7HDDpxPnQb5jN0SrDsjNSuVXHJqtwTnWqG0B1jZrgmJ/7lj1EmVIByWt1gxGkWvg==
    dependencies:
      pify "^3.0.0"
  
  picocolors@^1.0.0:
    version "1.0.0"
    resolved "https://registry.npmjs.org/picocolors/-/picocolors-1.0.0.tgz"
    integrity sha512-1fygroTLlHu66zi26VoTDv8yRgm0Fccecssto+MhsZ0D/DGW2sm8E8AjW7NU5VVTRt5GxbeZ5qBuJr+HyLYkjQ==
  
  picomatch@^2.0.4, picomatch@^2.2.1, picomatch@^2.2.3:
    version "2.3.0"
    resolved "https://registry.npmjs.org/picomatch/-/picomatch-2.3.0.tgz"
    integrity sha512-lY1Q/PiJGC2zOv/z391WOTD+Z02bCgsFfvxoXXf6h7kv9o+WmsmzYqrAwY63sNgOxE4xEdq0WyUnXfKeBrSvYw==
  
  pidtree@^0.3.0:
    version "0.3.1"
    resolved "https://registry.npmjs.org/pidtree/-/pidtree-0.3.1.tgz"
    integrity sha512-qQbW94hLHEqCg7nhby4yRC7G2+jYHY4Rguc2bjw7Uug4GIJuu1tvf2uHaZv5Q8zdt+WKJ6qK1FOI6amaWUo5FA==
  
  pify@^2.0.0:
    version "2.3.0"
    resolved "https://registry.npmjs.org/pify/-/pify-2.3.0.tgz"
    integrity sha1-7RQaasBDqEnqWISY59yosVMw6Qw= sha512-udgsAY+fTnvv7kI7aaxbqwWNb0AHiB0qBO89PZKPkoTmGOgdbrHDKD+0B2X4uTfJ/FT1R09r9gTsjUjNJotuog==
  
  pify@^2.3.0:
    version "2.3.0"
    resolved "https://registry.npmjs.org/pify/-/pify-2.3.0.tgz"
    integrity sha1-7RQaasBDqEnqWISY59yosVMw6Qw= sha512-udgsAY+fTnvv7kI7aaxbqwWNb0AHiB0qBO89PZKPkoTmGOgdbrHDKD+0B2X4uTfJ/FT1R09r9gTsjUjNJotuog==
  
  pify@^3.0.0:
    version "3.0.0"
    resolved "https://registry.npmjs.org/pify/-/pify-3.0.0.tgz"
    integrity sha1-5aSs0sEB/fPZpNB/DbxNtJ3SgXY= sha512-C3FsVNH1udSEX48gGX1xfvwTWfsYWj5U+8/uK15BGzIGrKoUpghX8hWZwa/OFnakBiiVNmBvemTJR5mcy7iPcg==
  
  pinkie-promise@^2.0.0:
    version "2.0.1"
    resolved "https://registry.npmjs.org/pinkie-promise/-/pinkie-promise-2.0.1.tgz"
    integrity sha1-ITXW36ejWMBprJsXh3YogihFD/o= sha512-0Gni6D4UcLTbv9c57DfxDGdr41XfgUjqWZu492f0cIGr16zDU06BWP/RAEvOuo7CQ0CNjHaLlM59YJJFm3NWlw==
    dependencies:
      pinkie "^2.0.0"
  
  pinkie@^2.0.0:
    version "2.0.4"
    resolved "https://registry.npmjs.org/pinkie/-/pinkie-2.0.4.tgz"
    integrity sha1-clVrgM+g1IqXToDnckjoDtT3+HA= sha512-MnUuEycAemtSaeFSjXKW/aroV7akBbY+Sv+RkyqFjgAe73F+MR0TBWKBRDkmfWq/HiFmdavfZ1G7h4SPZXaCSg==
  
  please-upgrade-node@^3.2.0:
    version "3.2.0"
    resolved "https://registry.npmjs.org/please-upgrade-node/-/please-upgrade-node-3.2.0.tgz"
    integrity sha512-gQR3WpIgNIKwBMVLkpMUeR3e1/E1y42bqDQZfql+kDeXd8COYfM8PQA4X6y7a8u9Ua9FHmsrrmirW2vHs45hWg==
    dependencies:
      semver-compare "^1.0.0"
  
  portscanner@2.1.1:
    version "2.1.1"
    resolved "https://registry.npmjs.org/portscanner/-/portscanner-2.1.1.tgz"
    integrity sha1-6rtAnk3iSVD1oqUW01rnaTQ/u5Y= sha512-CUxI7PHXrWJTIPmQs1YJFyD4uesS3om2jVcgS3T1eYPyd60s1l0m7tf35Fn5KRAtV51SAD7BmImaOGf6vwhiFQ==
    dependencies:
      async "1.5.2"
      is-number-like "^1.0.3"
  
  postcss@^8.4.5:
    version "8.4.5"
    resolved "https://registry.npmjs.org/postcss/-/postcss-8.4.5.tgz"
    integrity sha512-jBDboWM8qpaqwkMwItqTQTiFikhs/67OYVvblFFTM7MrZjt6yMKd6r2kgXizEbTTljacm4NldIlZnhbjr84QYg==
    dependencies:
      nanoid "^3.1.30"
      picocolors "^1.0.0"
      source-map-js "^1.0.1"
  
  prebuild-install@^7.0.0:
    version "7.0.0"
    resolved "https://registry.npmjs.org/prebuild-install/-/prebuild-install-7.0.0.tgz"
    integrity sha512-IvSenf33K7JcgddNz2D5w521EgO+4aMMjFt73Uk9FRzQ7P+QZPKrp7qPsDydsSwjGt3T5xRNnM1bj1zMTD5fTA==
    dependencies:
      detect-libc "^1.0.3"
      expand-template "^2.0.3"
      github-from-package "0.0.0"
      minimist "^1.2.3"
      mkdirp-classic "^0.5.3"
      napi-build-utils "^1.0.1"
      node-abi "^3.3.0"
      npmlog "^4.0.1"
      pump "^3.0.0"
      rc "^1.2.7"
      simple-get "^4.0.0"
      tar-fs "^2.0.0"
      tunnel-agent "^0.6.0"
  
  pretty-data@^0.40.0:
    version "0.40.0"
    resolved "https://registry.npmjs.org/pretty-data/-/pretty-data-0.40.0.tgz"
    integrity sha1-Vyqo6iNGdGerlLa1Jmpv2cj93XI= sha512-YFLnEdDEDnkt/GEhet5CYZHCvALw6+Elyb/tp8kQG03ZSIuzeaDWpZYndCXwgqu4NAjh1PI534dhDS1mHarRnQ==
  
  pretty-ms@^0.2.1:
    version "0.2.2"
    resolved "https://registry.npmjs.org/pretty-ms/-/pretty-ms-0.2.2.tgz"
    integrity sha1-2oeaaC/zOjcBEEbxPWJ/Z8c7hPY= sha512-ah/vWDJAT0arxQwVcSGp6etaLTZr4IsrXTy/khfjimzdYgSxYWzTMByrtpJUWinAnVY8szDg+qQhsE5MUMz3lQ==
    dependencies:
      parse-ms "^0.1.0"
  
  pretty@^2.0.0:
    version "2.0.0"
    resolved "https://registry.npmjs.org/pretty/-/pretty-2.0.0.tgz"
    integrity sha1-rbx5YLe7/iiaVX3F9zdhmiINBqU= sha512-G9xUchgTEiNpormdYBl+Pha50gOUovT18IvAe7EYMZ1/f9W/WWMPRn+xI68yXNMUk3QXHDwo/1wV/4NejVNe1w==
    dependencies:
      condense-newlines "^0.2.1"
      extend-shallow "^2.0.1"
      js-beautify "^1.6.12"
  
  process-nextick-args@~2.0.0:
    version "2.0.1"
    resolved "https://registry.npmjs.org/process-nextick-args/-/process-nextick-args-2.0.1.tgz"
    integrity sha512-3ouUOpQhtgrbOa17J7+uxOTpITYWaGP7/AhoR3+A+/1e9skrzelGi/dXzEYyvbxubEF6Wn2ypscTKiKJFFn1ag==
  
  promise@^7.0.1:
    version "7.3.1"
    resolved "https://registry.npmjs.org/promise/-/promise-7.3.1.tgz"
    integrity sha512-nolQXZ/4L+bP/UGlkfaIujX9BKxGwmQ9OT4mOt5yvy8iK1h3wqTEJCijzGANTCCl9nWjY41juyAn2K3Q1hLLTg==
    dependencies:
      asap "~2.0.3"
  
  proto-list@~1.2.1:
    version "1.2.4"
    resolved "https://registry.npmjs.org/proto-list/-/proto-list-1.2.4.tgz"
    integrity sha1-IS1b/hMYMGpCD2QCuOJv85ZHqEk= sha512-vtK/94akxsTMhe0/cbfpR+syPuszcuwhqVjJq26CuNDgFGj682oRBXOP5MJpv2r7JtE8MsiepGIqvvOTBwn2vA==
  
  prr@~1.0.1:
    version "1.0.1"
    resolved "https://registry.npmjs.org/prr/-/prr-1.0.1.tgz"
    integrity sha1-0/wRS6BplaRexok/SEzrHXj19HY= sha512-yPw4Sng1gWghHQWj0B3ZggWUm4qVbPwPFcRG8KyxiU7J2OHFSoEHKS+EZ3fv5l1t9CyCiop6l/ZYeWbrgoQejw==
  
  pseudomap@^1.0.2:
    version "1.0.2"
    resolved "https://registry.npmjs.org/pseudomap/-/pseudomap-1.0.2.tgz"
    integrity sha1-8FKijacOYYkX7wqKw0wa5aaChrM= sha512-b/YwNhb8lk1Zz2+bXXpS/LK9OisiZZ1SNsSLxN1x2OXVEhW2Ckr/7mWE5vrC1ZTiJlD9g19jWszTmJsB+oEpFQ==
  
  pug-attrs@^3.0.0:
    version "3.0.0"
    resolved "https://registry.npmjs.org/pug-attrs/-/pug-attrs-3.0.0.tgz"
    integrity sha512-azINV9dUtzPMFQktvTXciNAfAuVh/L/JCl0vtPCwvOA21uZrC08K/UnmrL+SXGEVc1FwzjW62+xw5S/uaLj6cA==
    dependencies:
      constantinople "^4.0.1"
      js-stringify "^1.0.2"
      pug-runtime "^3.0.0"
  
  pug-code-gen@^3.0.2:
    version "3.0.2"
    resolved "https://registry.npmjs.org/pug-code-gen/-/pug-code-gen-3.0.2.tgz"
    integrity sha512-nJMhW16MbiGRiyR4miDTQMRWDgKplnHyeLvioEJYbk1RsPI3FuA3saEP8uwnTb2nTJEKBU90NFVWJBk4OU5qyg==
    dependencies:
      constantinople "^4.0.1"
      doctypes "^1.1.0"
      js-stringify "^1.0.2"
      pug-attrs "^3.0.0"
      pug-error "^2.0.0"
      pug-runtime "^3.0.0"
      void-elements "^3.1.0"
      with "^7.0.0"
  
  pug-error@^2.0.0:
    version "2.0.0"
    resolved "https://registry.npmjs.org/pug-error/-/pug-error-2.0.0.tgz"
    integrity sha512-sjiUsi9M4RAGHktC1drQfCr5C5eriu24Lfbt4s+7SykztEOwVZtbFk1RRq0tzLxcMxMYTBR+zMQaG07J/btayQ==
  
  pug-filters@^4.0.0:
    version "4.0.0"
    resolved "https://registry.npmjs.org/pug-filters/-/pug-filters-4.0.0.tgz"
    integrity sha512-yeNFtq5Yxmfz0f9z2rMXGw/8/4i1cCFecw/Q7+D0V2DdtII5UvqE12VaZ2AY7ri6o5RNXiweGH79OCq+2RQU4A==
    dependencies:
      constantinople "^4.0.1"
      jstransformer "1.0.0"
      pug-error "^2.0.0"
      pug-walk "^2.0.0"
      resolve "^1.15.1"
  
  pug-lexer@^5.0.1:
    version "5.0.1"
    resolved "https://registry.npmjs.org/pug-lexer/-/pug-lexer-5.0.1.tgz"
    integrity sha512-0I6C62+keXlZPZkOJeVam9aBLVP2EnbeDw3An+k0/QlqdwH6rv8284nko14Na7c0TtqtogfWXcRoFE4O4Ff20w==
    dependencies:
      character-parser "^2.2.0"
      is-expression "^4.0.0"
      pug-error "^2.0.0"
  
  pug-linker@^4.0.0:
    version "4.0.0"
    resolved "https://registry.npmjs.org/pug-linker/-/pug-linker-4.0.0.tgz"
    integrity sha512-gjD1yzp0yxbQqnzBAdlhbgoJL5qIFJw78juN1NpTLt/mfPJ5VgC4BvkoD3G23qKzJtIIXBbcCt6FioLSFLOHdw==
    dependencies:
      pug-error "^2.0.0"
      pug-walk "^2.0.0"
  
  pug-load@^3.0.0:
    version "3.0.0"
    resolved "https://registry.npmjs.org/pug-load/-/pug-load-3.0.0.tgz"
    integrity sha512-OCjTEnhLWZBvS4zni/WUMjH2YSUosnsmjGBB1An7CsKQarYSWQ0GCVyd4eQPMFJqZ8w9xgs01QdiZXKVjk92EQ==
    dependencies:
      object-assign "^4.1.1"
      pug-walk "^2.0.0"
  
  pug-parser@^6.0.0:
    version "6.0.0"
    resolved "https://registry.npmjs.org/pug-parser/-/pug-parser-6.0.0.tgz"
    integrity sha512-ukiYM/9cH6Cml+AOl5kETtM9NR3WulyVP2y4HOU45DyMim1IeP/OOiyEWRr6qk5I5klpsBnbuHpwKmTx6WURnw==
    dependencies:
      pug-error "^2.0.0"
      token-stream "1.0.0"
  
  pug-runtime@^3.0.0, pug-runtime@^3.0.1:
    version "3.0.1"
    resolved "https://registry.npmjs.org/pug-runtime/-/pug-runtime-3.0.1.tgz"
    integrity sha512-L50zbvrQ35TkpHwv0G6aLSuueDRwc/97XdY8kL3tOT0FmhgG7UypU3VztfV/LATAvmUfYi4wNxSajhSAeNN+Kg==
  
  pug-strip-comments@^2.0.0:
    version "2.0.0"
    resolved "https://registry.npmjs.org/pug-strip-comments/-/pug-strip-comments-2.0.0.tgz"
    integrity sha512-zo8DsDpH7eTkPHCXFeAk1xZXJbyoTfdPlNR0bK7rpOMuhBYb0f5qUVCO1xlsitYd3w5FQTK7zpNVKb3rZoUrrQ==
    dependencies:
      pug-error "^2.0.0"
  
  pug-walk@^2.0.0:
    version "2.0.0"
    resolved "https://registry.npmjs.org/pug-walk/-/pug-walk-2.0.0.tgz"
    integrity sha512-yYELe9Q5q9IQhuvqsZNwA5hfPkMJ8u92bQLIMcsMxf/VADjNtEYptU+inlufAFYcWdHlwNfZOEnOOQrZrcyJCQ==
  
  pug@^3.0.2:
    version "3.0.2"
    resolved "https://registry.npmjs.org/pug/-/pug-3.0.2.tgz"
    integrity sha512-bp0I/hiK1D1vChHh6EfDxtndHji55XP/ZJKwsRqrz6lRia6ZC2OZbdAymlxdVFwd1L70ebrVJw4/eZ79skrIaw==
    dependencies:
      pug-code-gen "^3.0.2"
      pug-filters "^4.0.0"
      pug-lexer "^5.0.1"
      pug-linker "^4.0.0"
      pug-load "^3.0.0"
      pug-parser "^6.0.0"
      pug-runtime "^3.0.1"
      pug-strip-comments "^2.0.0"
  
  pump@^3.0.0:
    version "3.0.0"
    resolved "https://registry.npmjs.org/pump/-/pump-3.0.0.tgz"
    integrity sha512-LwZy+p3SFs1Pytd/jYct4wpv49HiYCqd9Rlc5ZVdk0V+8Yzv6jR5Blk3TRmPL1ft69TxP0IMZGJ+WPFU2BFhww==
    dependencies:
      end-of-stream "^1.1.0"
      once "^1.3.1"
  
  qs@6.2.3:
    version "6.2.3"
    resolved "https://registry.npmjs.org/qs/-/qs-6.2.3.tgz"
    integrity sha1-HPyyXBCpsrSDBT/zn138kjOQjP4= sha512-AY4g8t3LMboim0t6XWFdz6J5OuJ1ZNYu54SXihS/OMpgyCqYmcAJnWqkNSOjSjWmq3xxy+GF9uWQI2lI/7tKIA==
  
  queue-microtask@^1.2.2:
    version "1.2.3"
    resolved "https://registry.npmjs.org/queue-microtask/-/queue-microtask-1.2.3.tgz"
    integrity sha512-NuaNSa6flKT5JaSYQzJok04JzTL1CA6aGhv5rfLW3PgqA+M2ChpZQnAC8h8i4ZFkBS8X5RqkDBHA7r4hej3K9A==
  
  queue@6.0.2:
    version "6.0.2"
    resolved "https://registry.npmjs.org/queue/-/queue-6.0.2.tgz"
    integrity sha512-iHZWu+q3IdFZFX36ro/lKBkSvfkztY5Y7HMiPlOUjhupPcG2JMfst2KKEpu5XndviX/3UhFbRngUPNKtgvtZiA==
    dependencies:
      inherits "~2.0.3"
  
  range-parser@~1.2.0:
    version "1.2.1"
    resolved "https://registry.npmjs.org/range-parser/-/range-parser-1.2.1.tgz"
    integrity sha512-Hrgsx+orqoygnmhFbKaHE6c296J+HTAQXoxEF6gNupROmmGJRoyzfG3ccAveqCBrwr/2yxQ5BVd/GTl5agOwSg==
  
  raw-body@^2.3.2:
    version "2.4.2"
    resolved "https://registry.npmjs.org/raw-body/-/raw-body-2.4.2.tgz"
    integrity sha512-RPMAFUJP19WIet/99ngh6Iv8fzAbqum4Li7AD6DtGaW2RpMB/11xDoalPiJMTbu6I3hkbMVkATvZrqb9EEqeeQ==
    dependencies:
      bytes "3.1.1"
      http-errors "1.8.1"
      iconv-lite "0.4.24"
      unpipe "1.0.0"
  
  rc@^1.2.7:
    version "1.2.8"
    resolved "https://registry.npmjs.org/rc/-/rc-1.2.8.tgz"
    integrity sha512-y3bGgqKj3QBdxLbLkomlohkvsA8gdAiUQlSBJnBhfn+BPxg4bc62d8TcBW15wavDfgexCgccckhcZvywyQYPOw==
    dependencies:
      deep-extend "^0.6.0"
      ini "~1.3.0"
      minimist "^1.2.0"
      strip-json-comments "~2.0.1"
  
  read-pkg@^3.0.0:
    version "3.0.0"
    resolved "https://registry.npmjs.org/read-pkg/-/read-pkg-3.0.0.tgz"
    integrity sha1-nLxoaXj+5l0WwA4rGcI3/Pbjg4k= sha512-BLq/cCO9two+lBgiTYNqD6GdtK8s4NpaWrl6/rCO9w0TUS8oJl7cmToOZfRYllKTISY6nt1U7jQ53brmKqY6BA==
    dependencies:
      load-json-file "^4.0.0"
      normalize-package-data "^2.3.2"
      path-type "^3.0.0"
  
  readable-stream@^2.0.6:
    version "2.3.7"
    resolved "https://registry.npmjs.org/readable-stream/-/readable-stream-2.3.7.tgz"
    integrity sha512-Ebho8K4jIbHAxnuxi7o42OrZgF/ZTNcsZj6nRKyUmkhLFq8CHItp/fy6hQZuZmP/n3yZ9VBUbp4zz/mX8hmYPw==
    dependencies:
      core-util-is "~1.0.0"
      inherits "~2.0.3"
      isarray "~1.0.0"
      process-nextick-args "~2.0.0"
      safe-buffer "~5.1.1"
      string_decoder "~1.1.1"
      util-deprecate "~1.0.1"
  
  readable-stream@^3.1.1:
    version "3.6.0"
    resolved "https://registry.npmjs.org/readable-stream/-/readable-stream-3.6.0.tgz"
    integrity sha512-BViHy7LKeTz4oNnkcLJ+lVSL6vpiFeX6/d3oSH8zCW7UxP2onchk+vTGB143xuFjHS3deTgkKoXXymXqymiIdA==
    dependencies:
      inherits "^2.0.3"
      string_decoder "^1.1.1"
      util-deprecate "^1.0.1"
  
  readable-stream@^3.4.0:
    version "3.6.0"
    resolved "https://registry.npmjs.org/readable-stream/-/readable-stream-3.6.0.tgz"
    integrity sha512-BViHy7LKeTz4oNnkcLJ+lVSL6vpiFeX6/d3oSH8zCW7UxP2onchk+vTGB143xuFjHS3deTgkKoXXymXqymiIdA==
    dependencies:
      inherits "^2.0.3"
      string_decoder "^1.1.1"
      util-deprecate "^1.0.1"
  
  readdirp@~3.6.0:
    version "3.6.0"
    resolved "https://registry.npmjs.org/readdirp/-/readdirp-3.6.0.tgz"
    integrity sha512-hOS089on8RduqdbhvQ5Z37A0ESjsqz6qnRcffsMU3495FuTdqSm+7bhJ29JvIOsBDEEnan5DPu9t3To9VRlMzA==
    dependencies:
      picomatch "^2.2.1"
  
  recursive-copy@^2.0.11:
    version "2.0.13"
    resolved "https://registry.npmjs.org/recursive-copy/-/recursive-copy-2.0.13.tgz"
    integrity sha512-BjmE6R/dOImStEku+017L3Z0I6u/lA+SVr1sySWbTLjmQKDTESNmJ9WBZP8wbN5FuvqNvSYvRKA/IKQhAjqnpQ==
    dependencies:
      del "^2.2.0"
      errno "^0.1.2"
      graceful-fs "^4.1.4"
      junk "^1.0.1"
      maximatch "^0.1.0"
      mkdirp "^0.5.1"
      pify "^2.3.0"
      promise "^7.0.1"
      slash "^1.0.0"
  
  relateurl@^0.2.7:
    version "0.2.7"
    resolved "https://registry.npmjs.org/relateurl/-/relateurl-0.2.7.tgz"
    integrity sha1-VNvzd+UUQKypCkzSdGANP/LYiKk= sha512-G08Dxvm4iDN3MLM0EsP62EDV9IuhXPR6blNz6Utcp7zyV3tr4HVNINt6MpaRWbxoOHT3Q7YN2P+jaHX8vUbgog==
  
  require-directory@^2.1.1:
    version "2.1.1"
    resolved "https://registry.npmjs.org/require-directory/-/require-directory-2.1.1.tgz"
    integrity sha1-jGStX9MNqxyXbiNE/+f3kqam30I= sha512-fGxEI7+wsG9xrvdjsrlmL22OMTTiHRwAMroiEeMgq8gzoLC/PQr7RsRDSTLUg/bZAZtF+TVIkHc6/4RIKrui+Q==
  
  require-main-filename@^2.0.0:
    version "2.0.0"
    resolved "https://registry.npmjs.org/require-main-filename/-/require-main-filename-2.0.0.tgz"
    integrity sha512-NKN5kMDylKuldxYLSUfrbo5Tuzh4hd+2E8NPPX02mZtn1VuREQToYe/ZdlJy+J3uCpfaiGF05e7B8W0iXbQHmg==
  
  requires-port@^1.0.0:
    version "1.0.0"
    resolved "https://registry.npmjs.org/requires-port/-/requires-port-1.0.0.tgz"
    integrity sha1-kl0mAdOaxIXgkc8NpcbmlNw9yv8= sha512-KigOCHcocU3XODJxsu8i/j8T9tzT4adHiecwORRQ0ZZFcp7ahwXuRU1m+yuO90C5ZUyGeGfocHDI14M3L3yDAQ==
  
  resolve@^1.10.0, resolve@^1.15.1:
    version "1.20.0"
    resolved "https://registry.npmjs.org/resolve/-/resolve-1.20.0.tgz"
    integrity sha512-wENBPt4ySzg4ybFQW2TT1zMQucPK95HSh/nq2CFTZVOGut2+pQvSsgtda4d26YrYcr067wjbmzOG8byDPBX63A==
    dependencies:
      is-core-module "^2.2.0"
      path-parse "^1.0.6"
  
  resp-modifier@6.0.2:
    version "6.0.2"
    resolved "https://registry.npmjs.org/resp-modifier/-/resp-modifier-6.0.2.tgz"
    integrity sha1-sSTeXE+6/LpUH0j/pzlw9KpFa08= sha512-U1+0kWC/+4ncRFYqQWTx/3qkfE6a4B/h3XXgmXypfa0SPZ3t7cbbaFk297PjQS/yov24R18h6OZe6iZwj3NSLw==
    dependencies:
      debug "^2.2.0"
      minimatch "^3.0.2"
  
  reusify@^1.0.4:
    version "1.0.4"
    resolved "https://registry.npmjs.org/reusify/-/reusify-1.0.4.tgz"
    integrity sha512-U9nH88a3fc/ekCF1l0/UP1IosiuIjyTh7hBvXVMHYgVcfGvt897Xguj2UOLDeI5BG2m7/uwyaLVT6fbtCwTyzw==
  
  rimraf@^2.2.8:
    version "2.7.1"
    resolved "https://registry.npmjs.org/rimraf/-/rimraf-2.7.1.tgz"
    integrity sha512-uWjbaKIK3T1OSVptzX7Nl6PvQ3qAGtKEtVRjRuazjfL3Bx5eI409VZSqgND+4UNnmzLVdPj9FqFJNPqBZFve4w==
    dependencies:
      glob "^7.1.3"
  
  rimraf@^3.0.2:
    version "3.0.2"
    resolved "https://registry.npmjs.org/rimraf/-/rimraf-3.0.2.tgz"
    integrity sha512-JZkJMZkAGFFPP2YqXZXPbMlMBgsxzE8ILs4lMIX/2o0L9UBw9O/Y3o6wFw/i9YLapcUJWwqbi3kdxIPdC62TIA==
    dependencies:
      glob "^7.1.3"
  
  run-parallel@^1.1.9:
    version "1.2.0"
    resolved "https://registry.npmjs.org/run-parallel/-/run-parallel-1.2.0.tgz"
    integrity sha512-5l4VyZR86LZ/lDxZTR6jqL8AFE2S0IFLMP26AbjsLVADxHdhB/c0GUsH+y39UfCi3dzz8OlQuPmnaJOMoDHQBA==
    dependencies:
      queue-microtask "^1.2.2"
  
  rx@4.1.0:
    version "4.1.0"
    resolved "https://registry.npmjs.org/rx/-/rx-4.1.0.tgz"
    integrity sha1-pfE/957zt0D+MKqAP7CfmIBdR4I= sha512-CiaiuN6gapkdl+cZUr67W6I8jquN4lkak3vtIsIWCl4XIPP8ffsoyN6/+PuGXnQy8Cu8W2y9Xxh31Rq4M6wUug==
  
  rxjs@^5.5.6:
    version "5.5.12"
    resolved "https://registry.npmjs.org/rxjs/-/rxjs-5.5.12.tgz"
    integrity sha512-xx2itnL5sBbqeeiVgNPVuQQ1nC8Jp2WfNJhXWHmElW9YmrpS9UVnNzhP3EH3HFqexO5Tlp8GhYY+WEcqcVMvGw==
    dependencies:
      symbol-observable "1.0.1"
  
  safe-buffer@^5.0.1, safe-buffer@~5.1.0, safe-buffer@~5.1.1:
    version "5.1.2"
    resolved "https://registry.npmjs.org/safe-buffer/-/safe-buffer-5.1.2.tgz"
    integrity sha512-Gd2UZBJDkXlY7GbJxfsE8/nvKkUEU1G38c1siN6QP6a9PT9MmHB8GnpscSmMJSoF8LOIrt8ud/wPtojys4G6+g==
  
  "safer-buffer@>= 2.1.2 < 3":
    version "2.1.2"
    resolved "https://registry.npmjs.org/safer-buffer/-/safer-buffer-2.1.2.tgz"
    integrity sha512-YZo3K82SD7Riyi0E1EQPojLz7kpepnSQI9IyPbHHg1XXXevb5dJI7tpyN2ADxGcQbHG7vcyRHk0cbwqcQriUtg==
  
  sass@^1.45.0:
    version "1.45.1"
    resolved "https://registry.npmjs.org/sass/-/sass-1.45.1.tgz"
    integrity sha512-pwPRiq29UR0o4X3fiQyCtrESldXvUQAAE0QmcJTpsI4kuHHcLzZ54M1oNBVIXybQv8QF2zfkpFcTxp8ta97dUA==
    dependencies:
      chokidar ">=3.0.0 <4.0.0"
      immutable "^4.0.0"
      source-map-js ">=0.6.2 <2.0.0"
  
  section-matter@^1.0.0:
    version "1.0.0"
    resolved "https://registry.npmjs.org/section-matter/-/section-matter-1.0.0.tgz"
    integrity sha512-vfD3pmTzGpufjScBh50YHKzEu2lxBWhVEHsNGoEXmCmn2hKGfeNLYMzCJpe8cD7gqX7TJluOVpBkAequ6dgMmA==
    dependencies:
      extend-shallow "^2.0.1"
      kind-of "^6.0.0"
  
  semver-compare@^1.0.0:
    version "1.0.0"
    resolved "https://registry.npmjs.org/semver-compare/-/semver-compare-1.0.0.tgz"
    integrity sha1-De4hahyUGrN+nvsXiPavxf9VN/w= sha512-YM3/ITh2MJ5MtzaM429anh+x2jiLVjqILF4m4oyQB18W7Ggea7BfqdH/wGMK7dDiMghv/6WG7znWMwUDzJiXow==
  
  semver@^5.5.0:
    version "5.7.1"
    resolved "https://registry.npmjs.org/semver/-/semver-5.7.1.tgz"
    integrity sha512-sauaDf/PZdVgrLTNYHRtpXa1iRiKcaebiKQ1BJdpQlWH2lCvexQdX55snPFyK7QzpudqbCI0qXFfOasHdyNDGQ==
  
  semver@^5.6.0:
    version "5.7.1"
    resolved "https://registry.npmjs.org/semver/-/semver-5.7.1.tgz"
    integrity sha512-sauaDf/PZdVgrLTNYHRtpXa1iRiKcaebiKQ1BJdpQlWH2lCvexQdX55snPFyK7QzpudqbCI0qXFfOasHdyNDGQ==
  
  semver@^7.3.4, semver@^7.3.5:
    version "7.3.5"
    resolved "https://registry.npmjs.org/semver/-/semver-7.3.5.tgz"
    integrity sha512-PoeGJYh8HK4BTO/a9Tf6ZG3veo/A7ZVsYrSA6J8ny9nb3B1VrpkuN+z9OE5wfE5p6H4LchYZsegiQgbJD94ZFQ==
    dependencies:
      lru-cache "^6.0.0"
  
  "semver@2 || 3 || 4 || 5":
    version "5.7.1"
    resolved "https://registry.npmjs.org/semver/-/semver-5.7.1.tgz"
    integrity sha512-sauaDf/PZdVgrLTNYHRtpXa1iRiKcaebiKQ1BJdpQlWH2lCvexQdX55snPFyK7QzpudqbCI0qXFfOasHdyNDGQ==
  
  send@0.16.2:
    version "0.16.2"
    resolved "https://registry.npmjs.org/send/-/send-0.16.2.tgz"
    integrity sha512-E64YFPUssFHEFBvpbbjr44NCLtI1AohxQ8ZSiJjQLskAdKuriYEP6VyGEsRDH8ScozGpkaX1BGvhanqCwkcEZw==
    dependencies:
      debug "2.6.9"
      depd "~1.1.2"
      destroy "~1.0.4"
      encodeurl "~1.0.2"
      escape-html "~1.0.3"
      etag "~1.8.1"
      fresh "0.5.2"
      http-errors "~1.6.2"
      mime "1.4.1"
      ms "2.0.0"
      on-finished "~2.3.0"
      range-parser "~1.2.0"
      statuses "~1.4.0"
  
  serve-index@1.9.1:
    version "1.9.1"
    resolved "https://registry.npmjs.org/serve-index/-/serve-index-1.9.1.tgz"
    integrity sha1-03aNabHn2C5c4FD/9bRTvqEqkjk= sha512-pXHfKNP4qujrtteMrSBb0rc8HJ9Ms/GrXwcUtUtD5s4ewDJI8bT3Cz2zTVRMKtri49pLx2e0Ya8ziP5Ya2pZZw==
    dependencies:
      accepts "~1.3.4"
      batch "0.6.1"
      debug "2.6.9"
      escape-html "~1.0.3"
      http-errors "~1.6.2"
      mime-types "~2.1.17"
      parseurl "~1.3.2"
  
  serve-static@1.13.2:
    version "1.13.2"
    resolved "https://registry.npmjs.org/serve-static/-/serve-static-1.13.2.tgz"
    integrity sha512-p/tdJrO4U387R9oMjb1oj7qSMaMfmOyd4j9hOFoxZe2baQszgHcSWjuya/CiT5kgZZKRudHNOA0pYXOl8rQ5nw==
    dependencies:
      encodeurl "~1.0.2"
      escape-html "~1.0.3"
      parseurl "~1.3.2"
      send "0.16.2"
  
  server-destroy@1.0.1:
    version "1.0.1"
    resolved "https://registry.npmjs.org/server-destroy/-/server-destroy-1.0.1.tgz"
    integrity sha1-8Tv5KOQrnD55OD5hzDmYtdFObN0= sha512-rb+9B5YBIEzYcD6x2VKidaa+cqYBJQKnU4oe4E3ANwRRN56yk/ua1YCJT1n21NTS8w6CcOclAKNP3PhdCXKYtQ==
  
  set-blocking@^2.0.0, set-blocking@~2.0.0:
    version "2.0.0"
    resolved "https://registry.npmjs.org/set-blocking/-/set-blocking-2.0.0.tgz"
    integrity sha1-BF+XgtARrppoA93TgrJDkrPYkPc= sha512-KiKBS8AnWGEyLzofFfmvKwpdPzqiy16LvQfK3yv/fVH7Bj13/wl3JSR1J+rfgRE9q7xUJK4qvgS8raSOeLUehw==
  
  setprototypeof@1.1.0:
    version "1.1.0"
    resolved "https://registry.npmjs.org/setprototypeof/-/setprototypeof-1.1.0.tgz"
    integrity sha512-BvE/TwpZX4FXExxOxZyRGQQv651MSwmWKZGqvmPcRIjDqWub67kTKuIMx43cZZrS/cBBzwBcNDWoFxt2XEFIpQ==
  
  setprototypeof@1.2.0:
    version "1.2.0"
    resolved "https://registry.npmjs.org/setprototypeof/-/setprototypeof-1.2.0.tgz"
    integrity sha512-E5LDX7Wrp85Kil5bhZv46j8jOeboKq5JMmYM3gVGdGH8xFpPWXUMsNrlODCrkoxMEeNi/XZIwuRvY4XNwYMJpw==
  
  sharp@^0.29.1:
    version "0.29.3"
    resolved "https://registry.npmjs.org/sharp/-/sharp-0.29.3.tgz"
    integrity sha512-fKWUuOw77E4nhpyzCCJR1ayrttHoFHBT2U/kR/qEMRhvPEcluG4BKj324+SCO1e84+knXHwhJ1HHJGnUt4ElGA==
    dependencies:
      color "^4.0.1"
      detect-libc "^1.0.3"
      node-addon-api "^4.2.0"
      prebuild-install "^7.0.0"
      semver "^7.3.5"
      simple-get "^4.0.0"
      tar-fs "^2.1.1"
      tunnel-agent "^0.6.0"
  
  shebang-command@^1.2.0:
    version "1.2.0"
    resolved "https://registry.npmjs.org/shebang-command/-/shebang-command-1.2.0.tgz"
    integrity sha1-RKrGW2lbAzmJaMOfNj/uXer98eo= sha512-EV3L1+UQWGor21OmnvojK36mhg+TyIKDh3iFBKBohr5xeXIhNBcx8oWdgkTEEQ+BEFFYdLRuqMfd5L84N1V5Vg==
    dependencies:
      shebang-regex "^1.0.0"
  
  shebang-regex@^1.0.0:
    version "1.0.0"
    resolved "https://registry.npmjs.org/shebang-regex/-/shebang-regex-1.0.0.tgz"
    integrity sha1-2kL0l0DAtC2yypcoVxyxkMmO/qM= sha512-wpoSFAxys6b2a2wHZ1XpDSgD7N9iVjg29Ph9uV/uaP9Ex/KXlkTZTeddxDPSYQpgvzKLGJke2UU0AzoGCjNIvQ==
  
  shell-quote@^1.6.1:
    version "1.7.3"
    resolved "https://registry.npmjs.org/shell-quote/-/shell-quote-1.7.3.tgz"
    integrity sha512-Vpfqwm4EnqGdlsBFNmHhxhElJYrdfcxPThu+ryKS5J8L/fhAwLazFZtq+S+TWZ9ANj2piSQLGj6NQg+lKPmxrw==
  
  short-hash@^1.0.0:
    version "1.0.0"
    resolved "https://registry.npmjs.org/short-hash/-/short-hash-1.0.0.tgz"
    integrity sha1-P0kdco/Md37GBbuvf4PyNxL0IFA= sha512-qbUCD2Pkl4IXRyVqneEjGnUr0NGDGLzZnBUVGJngIQZf/FrhOL0yJhH+JQzak0t8xMmScIKpoX1SxOsPHdwa4w==
    dependencies:
      hash-string "^1.0.0"
  
  side-channel@^1.0.4:
    version "1.0.4"
    resolved "https://registry.npmjs.org/side-channel/-/side-channel-1.0.4.tgz"
    integrity sha512-q5XPytqFEIKHkGdiMIrY10mvLRvnQh42/+GoBlFW3b2LXLE2xxJpZFdm94we0BaoV3RwJyGqg5wS7epxTv0Zvw==
    dependencies:
      call-bind "^1.0.0"
      get-intrinsic "^1.0.2"
      object-inspect "^1.9.0"
  
  sigmund@^1.0.1:
    version "1.0.1"
    resolved "https://registry.npmjs.org/sigmund/-/sigmund-1.0.1.tgz"
    integrity sha1-P/IfGYytIXX587eBhT/ZTQ0ZtZA= sha512-fCvEXfh6NWpm+YSuY2bpXb/VIihqWA6hLsgboC+0nl71Q7N7o2eaCW8mJa/NLvQhs6jpd3VZV4UiUQlV6+lc8g==
  
  signal-exit@^3.0.0:
    version "3.0.6"
    resolved "https://registry.npmjs.org/signal-exit/-/signal-exit-3.0.6.tgz"
    integrity sha512-sDl4qMFpijcGw22U5w63KmD3cZJfBuFlVNbVMKje2keoKML7X2UzWbc4XrmEbDwg0NXJc3yv4/ox7b+JWb57kQ==
  
  simple-concat@^1.0.0:
    version "1.0.1"
    resolved "https://registry.npmjs.org/simple-concat/-/simple-concat-1.0.1.tgz"
    integrity sha512-cSFtAPtRhljv69IK0hTVZQ+OfE9nePi/rtJmw5UjHeVyVroEqJXP1sFztKUy1qU+xvz3u/sfYJLa947b7nAN2Q==
  
  simple-get@^4.0.0:
    version "4.0.0"
    resolved "https://registry.npmjs.org/simple-get/-/simple-get-4.0.0.tgz"
    integrity sha512-ZalZGexYr3TA0SwySsr5HlgOOinS4Jsa8YB2GJ6lUNAazyAu4KG/VmzMTwAt2YVXzzVj8QmefmAonZIK2BSGcQ==
    dependencies:
      decompress-response "^6.0.0"
      once "^1.3.1"
      simple-concat "^1.0.0"
  
  simple-swizzle@^0.2.2:
    version "0.2.2"
    resolved "https://registry.npmjs.org/simple-swizzle/-/simple-swizzle-0.2.2.tgz"
    integrity sha1-pNprY1/8zMoz9w0Xy5JZLeleVXo= sha512-JA//kQgZtbuY83m+xT+tXJkmJncGMTFT+C+g2h2R9uxkYIrE2yy9sgmcLhCnw57/WSD+Eh3J97FPEDFnbXnDUg==
    dependencies:
      is-arrayish "^0.3.1"
  
  slash@^1.0.0:
    version "1.0.0"
    resolved "https://registry.npmjs.org/slash/-/slash-1.0.0.tgz"
    integrity sha1-xB8vbDn8FtHNF61LXYlhFK5HDVU= sha512-3TYDR7xWt4dIqV2JauJr+EJeW356RXijHeUlO+8djJ+uBXPn8/2dpzBc8yQhh583sVvc9CvFAeQVgijsH+PNNg==
  
  slugify@^1.4.7:
    version "1.6.4"
    resolved "https://registry.npmjs.org/slugify/-/slugify-1.6.4.tgz"
    integrity sha512-Pcz296CK0uGnTf4iNQId79Uv6/5G16t0g0x3OsxWS8qVSOW+JXNnNHKVcuDiMgEGTWyK6zjlWXo2dvzV/FLf9Q==
  
  socket.io-adapter@~1.1.0:
    version "1.1.2"
    resolved "https://registry.npmjs.org/socket.io-adapter/-/socket.io-adapter-1.1.2.tgz"
    integrity sha512-WzZRUj1kUjrTIrUKpZLEzFZ1OLj5FwLlAFQs9kuZJzJi5DKdU7FsWc36SNmA8iDOtwBQyT8FkrriRM8vXLYz8g==
  
  socket.io-client@^2.4.0, socket.io-client@2.4.0:
    version "2.4.0"
    resolved "https://registry.npmjs.org/socket.io-client/-/socket.io-client-2.4.0.tgz"
    integrity sha512-M6xhnKQHuuZd4Ba9vltCLT9oa+YvTsP8j9NcEiLElfIg8KeYPyhWOes6x4t+LTAC8enQbE/995AdTem2uNyKKQ==
    dependencies:
      backo2 "1.0.2"
      component-bind "1.0.0"
      component-emitter "~1.3.0"
      debug "~3.1.0"
      engine.io-client "~3.5.0"
      has-binary2 "~1.0.2"
      indexof "0.0.1"
      parseqs "0.0.6"
      parseuri "0.0.6"
      socket.io-parser "~3.3.0"
      to-array "0.1.4"
  
  socket.io-parser@~3.3.0:
    version "3.3.2"
    resolved "https://registry.npmjs.org/socket.io-parser/-/socket.io-parser-3.3.2.tgz"
    integrity sha512-FJvDBuOALxdCI9qwRrO/Rfp9yfndRtc1jSgVgV8FDraihmSP/MLGD5PEuJrNfjALvcQ+vMDM/33AWOYP/JSjDg==
    dependencies:
      component-emitter "~1.3.0"
      debug "~3.1.0"
      isarray "2.0.1"
  
  socket.io-parser@~3.4.0:
    version "3.4.1"
    resolved "https://registry.npmjs.org/socket.io-parser/-/socket.io-parser-3.4.1.tgz"
    integrity sha512-11hMgzL+WCLWf1uFtHSNvliI++tcRUWdoeYuwIl+Axvwy9z2gQM+7nJyN3STj1tLj5JyIUH8/gpDGxzAlDdi0A==
    dependencies:
      component-emitter "1.2.1"
      debug "~4.1.0"
      isarray "2.0.1"
  
  socket.io@2.4.0:
    version "2.4.0"
    resolved "https://registry.npmjs.org/socket.io/-/socket.io-2.4.0.tgz"
    integrity sha512-9UPJ1UTvKayuQfVv2IQ3k7tCQC/fboDyIK62i99dAQIyHKaBsNdTpwHLgKJ6guRWxRtC9H+138UwpaGuQO9uWQ==
    dependencies:
      debug "~4.1.0"
      engine.io "~3.5.0"
      has-binary2 "~1.0.2"
      socket.io-adapter "~1.1.0"
      socket.io-client "2.4.0"
      socket.io-parser "~3.4.0"
  
  source-map-js@^1.0.1, "source-map-js@>=0.6.2 <2.0.0":
    version "1.0.1"
    resolved "https://registry.npmjs.org/source-map-js/-/source-map-js-1.0.1.tgz"
    integrity sha512-4+TN2b3tqOCd/kaGRJ/sTYA0tR0mdXx26ipdolxcwtJVqEnqNYvlCAt1q3ypy4QMlYus+Zh34RNtYLoq2oQ4IA==
  
  source-map@^0.6.1, source-map@~0.6.0:
    version "0.6.1"
    resolved "https://registry.npmjs.org/source-map/-/source-map-0.6.1.tgz"
    integrity sha512-UjgapumWlbMhkBgzT7Ykc5YXUT46F0iKu8SGXq0bcwP5dz/h0Plj6enJqjz1Zbq2l5WaqYnrVbwWOWMyF3F47g==
  
  spdx-correct@^3.0.0:
    version "3.1.1"
    resolved "https://registry.npmjs.org/spdx-correct/-/spdx-correct-3.1.1.tgz"
    integrity sha512-cOYcUWwhCuHCXi49RhFRCyJEK3iPj1Ziz9DpViV3tbZOwXD49QzIN3MpOLJNxh2qwq2lJJZaKMVw9qNi4jTC0w==
    dependencies:
      spdx-expression-parse "^3.0.0"
      spdx-license-ids "^3.0.0"
  
  spdx-exceptions@^2.1.0:
    version "2.3.0"
    resolved "https://registry.npmjs.org/spdx-exceptions/-/spdx-exceptions-2.3.0.tgz"
    integrity sha512-/tTrYOC7PPI1nUAgx34hUpqXuyJG+DTHJTnIULG4rDygi4xu/tfgmq1e1cIRwRzwZgo4NLySi+ricLkZkw4i5A==
  
  spdx-expression-parse@^3.0.0:
    version "3.0.1"
    resolved "https://registry.npmjs.org/spdx-expression-parse/-/spdx-expression-parse-3.0.1.tgz"
    integrity sha512-cbqHunsQWnJNE6KhVSMsMeH5H/L9EpymbzqTQ3uLwNCLZ1Q481oWaofqH7nO6V07xlXwY6PhQdQ2IedWx/ZK4Q==
    dependencies:
      spdx-exceptions "^2.1.0"
      spdx-license-ids "^3.0.0"
  
  spdx-license-ids@^3.0.0:
    version "3.0.11"
    resolved "https://registry.npmjs.org/spdx-license-ids/-/spdx-license-ids-3.0.11.tgz"
    integrity sha512-Ctl2BrFiM0X3MANYgj3CkygxhRmr9mi6xhejbdO960nF6EDJApTYpn0BQnDKlnNBULKiCN1n3w9EBkHK8ZWg+g==
  
  sprintf-js@~1.0.2:
    version "1.0.3"
    resolved "https://registry.npmjs.org/sprintf-js/-/sprintf-js-1.0.3.tgz"
    integrity sha1-BOaSb2YolTVPPdAVIDYzuFcpfiw= sha512-D9cPgkvLlV3t3IzL0D0YLvGA9Ahk4PcvVwUbN0dSGr1aP0Nrt4AEnTUbuGvquEC0mA64Gqt1fzirlRs5ibXx8g==
  
  "statuses@>= 1.4.0 < 2", statuses@~1.4.0:
    version "1.4.0"
    resolved "https://registry.npmjs.org/statuses/-/statuses-1.4.0.tgz"
    integrity sha512-zhSCtt8v2NDrRlPQpCNtw/heZLtfUDqxBM1udqikb/Hbk52LK4nQSwr10u77iopCW5LsyHpuXS0GnEc48mLeew==
  
  "statuses@>= 1.5.0 < 2":
    version "1.5.0"
    resolved "https://registry.npmjs.org/statuses/-/statuses-1.5.0.tgz"
    integrity sha1-Fhx9rBd2Wf2YEfQ3cfqZOBR4Yow= sha512-OpZ3zP+jT1PI7I8nemJX4AKmAX070ZkYPVWV/AaKTJl+tXCTGyVdC1a4SL8RUQYEwk/f34ZX8UTykN68FwrqAA==
  
  statuses@~1.3.1:
    version "1.3.1"
    resolved "https://registry.npmjs.org/statuses/-/statuses-1.3.1.tgz"
    integrity sha1-+vUbnrdKrvOzrPStX2Gr8ky3uT4= sha512-wuTCPGlJONk/a1kqZ4fQM2+908lC7fa7nPYpTC1EhnvqLX/IICbeP1OZGDtA374trpSq68YubKUMo8oRhN46yg==
  
  stream-throttle@^0.1.3:
    version "0.1.3"
    resolved "https://registry.npmjs.org/stream-throttle/-/stream-throttle-0.1.3.tgz"
    integrity sha1-rdV8jXzHOoFjDTHNVdOWHPr7qcM= sha512-889+B9vN9dq7/vLbGyuHeZ6/ctf5sNuGWsDy89uNxkFTAgzy0eK7+w5fL3KLNRTkLle7EgZGvHUphZW0Q26MnQ==
    dependencies:
      commander "^2.2.0"
      limiter "^1.0.5"
  
  string_decoder@^1.1.1, string_decoder@~1.1.1:
    version "1.1.1"
    resolved "https://registry.npmjs.org/string_decoder/-/string_decoder-1.1.1.tgz"
    integrity sha512-n/ShnvDi6FHbbVfviro+WojiFzv+s8MPMHBczVePfUpDJLwoLT0ht1l4YwBCbi8pJAveEEdnkHyPyTP/mzRfwg==
    dependencies:
      safe-buffer "~5.1.0"
  
  string-width@^1.0.1, "string-width@^1.0.2 || 2 || 3 || 4":
    version "1.0.2"
    resolved "https://registry.npmjs.org/string-width/-/string-width-1.0.2.tgz"
    integrity sha1-EYvfW4zcUaKn5w0hHgfisLmxB9M= sha512-0XsVpQLnVCXHJfyEs8tC0zpTVIr5PKKsQtkT29IwupnPTjtPmQ3xT/4yCREF9hYkV/3M3kzcUTSAZT6a6h81tw==
    dependencies:
      code-point-at "^1.0.0"
      is-fullwidth-code-point "^1.0.0"
      strip-ansi "^3.0.0"
  
  string-width@^4.1.0, string-width@^4.2.0:
    version "4.2.3"
    resolved "https://registry.npmjs.org/string-width/-/string-width-4.2.3.tgz"
    integrity sha512-wKyQRQpjJ0sIp62ErSZdGsjMJWsap5oRNihHhu6G7JVO/9jIB6UyevL+tXuOqrng8j/cxKTWyWUwvSTriiZz/g==
    dependencies:
      emoji-regex "^8.0.0"
      is-fullwidth-code-point "^3.0.0"
      strip-ansi "^6.0.1"
  
  string.prototype.padend@^3.0.0:
    version "3.1.3"
    resolved "https://registry.npmjs.org/string.prototype.padend/-/string.prototype.padend-3.1.3.tgz"
    integrity sha512-jNIIeokznm8SD/TZISQsZKYu7RJyheFNt84DUPrh482GC8RVp2MKqm2O5oBRdGxbDQoXrhhWtPIWQOiy20svUg==
    dependencies:
      call-bind "^1.0.2"
      define-properties "^1.1.3"
      es-abstract "^1.19.1"
  
  string.prototype.trimend@^1.0.4:
    version "1.0.4"
    resolved "https://registry.npmjs.org/string.prototype.trimend/-/string.prototype.trimend-1.0.4.tgz"
    integrity sha512-y9xCjw1P23Awk8EvTpcyL2NIr1j7wJ39f+k6lvRnSMz+mz9CGz9NYPelDk42kOz6+ql8xjfK8oYzy3jAP5QU5A==
    dependencies:
      call-bind "^1.0.2"
      define-properties "^1.1.3"
  
  string.prototype.trimstart@^1.0.4:
    version "1.0.4"
    resolved "https://registry.npmjs.org/string.prototype.trimstart/-/string.prototype.trimstart-1.0.4.tgz"
    integrity sha512-jh6e984OBfvxS50tdY2nRZnoC5/mLFKOREQfw8t5yytkoUsJRNxvI/E39qu1sD0OtWI3OC0XgKSmcWwziwYuZw==
    dependencies:
      call-bind "^1.0.2"
      define-properties "^1.1.3"
  
  strip-ansi@^3.0.0, strip-ansi@^3.0.1:
    version "3.0.1"
    resolved "https://registry.npmjs.org/strip-ansi/-/strip-ansi-3.0.1.tgz"
    integrity sha1-ajhfuIU9lS1f8F0Oiq+UJ43GPc8= sha512-VhumSSbBqDTP8p2ZLKj40UjBCV4+v8bUSEpUb4KjRgWk9pbqGF4REFj6KEagidb2f/M6AzC0EmFyDNGaw9OCzg==
    dependencies:
      ansi-regex "^2.0.0"
  
  strip-ansi@^6.0.0, strip-ansi@^6.0.1:
    version "6.0.1"
    resolved "https://registry.npmjs.org/strip-ansi/-/strip-ansi-6.0.1.tgz"
    integrity sha512-Y38VPSHcqkFrCpFnQ9vuSXmquuv5oXOKpGeT6aGrr3o3Gc9AlVa6JBfUSOCnbxGGZF+/0ooI7KrPuUSztUdU5A==
    dependencies:
      ansi-regex "^5.0.1"
  
  strip-ansi@~0.1.0:
    version "0.1.1"
    resolved "https://registry.npmjs.org/strip-ansi/-/strip-ansi-0.1.1.tgz"
    integrity sha1-OeipjQRNFQZgq+SmgIrPcLt7yZE= sha512-behete+3uqxecWlDAm5lmskaSaISA+ThQ4oNNBDTBJt0x2ppR6IPqfZNuj6BLaLJ/Sji4TPZlcRyOis8wXQTLg==
  
  strip-bom-string@^1.0.0:
    version "1.0.0"
    resolved "https://registry.npmjs.org/strip-bom-string/-/strip-bom-string-1.0.0.tgz"
    integrity sha1-5SEekiQ2n7uB1jOi8ABE3IztrZI= sha512-uCC2VHvQRYu+lMh4My/sFNmF2klFymLX1wHJeXnbEJERpV/ZsVuonzerjfrGpIGF7LBVa1O7i9kjiWvJiFck8g==
  
  strip-bom@^3.0.0:
    version "3.0.0"
    resolved "https://registry.npmjs.org/strip-bom/-/strip-bom-3.0.0.tgz"
    integrity sha1-IzTBjpx1n3vdVv3vfprj1YjmjtM= sha512-vavAMRXOgBVNF6nyEEmL3DBK19iRpDcoIwW+swQ+CbGiu7lju6t+JklA1MHweoWtadgt4ISVUsXLyDq34ddcwA==
  
  strip-json-comments@~2.0.1:
    version "2.0.1"
    resolved "https://registry.npmjs.org/strip-json-comments/-/strip-json-comments-2.0.1.tgz"
    integrity sha1-PFMZQukIwml8DsNEhYwobHygpgo= sha512-4gB8na07fecVVkOI6Rs4e7T6NOTki5EmL7TUduTs6bu3EdnSycntVJ4re8kgZA+wx9IueI2Y11bfbgwtzuE0KQ==
  
  supports-color@^2.0.0:
    version "2.0.0"
    resolved "https://registry.npmjs.org/supports-color/-/supports-color-2.0.0.tgz"
    integrity sha1-U10EXOa2Nj+kARcIRimZXp3zJMc= sha512-KKNVtd6pCYgPIKU4cp2733HWYCpplQhddZLBUryaAHou723x+FRzQ5Df824Fj+IyyuiQTRoub4SnIFfIcrp70g==
  
  supports-color@^5.3.0:
    version "5.5.0"
    resolved "https://registry.npmjs.org/supports-color/-/supports-color-5.5.0.tgz"
    integrity sha512-QjVjwdXIt408MIiAqCX4oUKsgU2EqAGzs2Ppkm4aQYbjm+ZEWEcW4SfFNTr4uMNZma0ey4f5lgLrkB0aX0QMow==
    dependencies:
      has-flag "^3.0.0"
  
  supports-color@^7.1.0:
    version "7.2.0"
    resolved "https://registry.npmjs.org/supports-color/-/supports-color-7.2.0.tgz"
    integrity sha512-qpCAvRl9stuOHveKsn7HncJRvv501qIacKzQlO/+Lwxc9+0q2wLyv4Dfvt80/DPn2pqOBsJdDiogXGR9+OvwRw==
    dependencies:
      has-flag "^4.0.0"
  
  symbol-observable@1.0.1:
    version "1.0.1"
    resolved "https://registry.npmjs.org/symbol-observable/-/symbol-observable-1.0.1.tgz"
    integrity sha1-g0D8RwLDEi310iKI+IKD9RPT/dQ= sha512-Kb3PrPYz4HanVF1LVGuAdW6LoVgIwjUYJGzFe7NDrBLCN4lsV/5J0MFurV+ygS4bRVwrCEt2c7MQ1R2a72oJDw==
  
  tar-fs@^2.0.0, tar-fs@^2.1.1:
    version "2.1.1"
    resolved "https://registry.npmjs.org/tar-fs/-/tar-fs-2.1.1.tgz"
    integrity sha512-V0r2Y9scmbDRLCNex/+hYzvp/zyYjvFbHPNgVTKfQvVrb6guiE/fxP+XblDNR011utopbkex2nM4dHNV6GDsng==
    dependencies:
      chownr "^1.1.1"
      mkdirp-classic "^0.5.2"
      pump "^3.0.0"
      tar-stream "^2.1.4"
  
  tar-stream@^2.1.4:
    version "2.2.0"
    resolved "https://registry.npmjs.org/tar-stream/-/tar-stream-2.2.0.tgz"
    integrity sha512-ujeqbceABgwMZxEJnk2HDY2DlnUZ+9oEcb1KzTVfYHio0UE6dG71n60d8D2I4qNvleWrrXpmjpt7vZeF1LnMZQ==
    dependencies:
      bl "^4.0.3"
      end-of-stream "^1.4.1"
      fs-constants "^1.0.0"
      inherits "^2.0.3"
      readable-stream "^3.1.1"
  
  text-table@^0.2.0:
    version "0.2.0"
    resolved "https://registry.npmjs.org/text-table/-/text-table-0.2.0.tgz"
    integrity sha1-f17oI66AUgfACvLfSoTsP8+lcLQ= sha512-N+8UisAXDGk8PFXP4HAzVR9nbfmVJ3zYLAWiTIoqC5v5isinhr+r5uaO8+7r3BMfuNIufIsA7RdpVgacC2cSpw==
  
  tfunk@^4.0.0:
    version "4.0.0"
    resolved "https://registry.npmjs.org/tfunk/-/tfunk-4.0.0.tgz"
    integrity sha512-eJQ0dGfDIzWNiFNYFVjJ+Ezl/GmwHaFTBTjrtqNPW0S7cuVDBrZrmzUz6VkMeCR4DZFqhd4YtLwsw3i2wYHswQ==
    dependencies:
      chalk "^1.1.3"
      dlv "^1.1.3"
  
  time-require@^0.1.2:
    version "0.1.2"
    resolved "https://registry.npmjs.org/time-require/-/time-require-0.1.2.tgz"
    integrity sha1-+eEss3D8JgXhFARYK6VO9corLZg= sha512-IqcSpa1sVNleRbC9eHnN7p7vwEHNmsjsXUDqjlnvo4+2VLJ7/gIY2XACTBuRhMB4weYbDYKsR3av2ySykRhDIA==
    dependencies:
      chalk "^0.4.0"
      date-time "^0.1.1"
      pretty-ms "^0.2.1"
      text-table "^0.2.0"
  
  to-array@0.1.4:
    version "0.1.4"
    resolved "https://registry.npmjs.org/to-array/-/to-array-0.1.4.tgz"
    integrity sha1-F+bBH3PdTz10zaek/zI46a2b+JA= sha512-LhVdShQD/4Mk4zXNroIQZJC+Ap3zgLcDuwEdcmLv9CCO73NWockQDwyUnW/m8VX/EElfL6FcYx7EeutN4HJA6A==
  
  to-fast-properties@^2.0.0:
    version "2.0.0"
    resolved "https://registry.npmjs.org/to-fast-properties/-/to-fast-properties-2.0.0.tgz"
    integrity sha1-3F5pjL0HkmW8c+A3doGk5Og/YW4= sha512-/OaKK0xYrs3DmxRYqL/yDc+FxFUVYhDlXMhRmv3z915w2HF1tnN1omB354j8VUGO/hbRzyD6Y3sA7v7GS/ceog==
  
  to-regex-range@^5.0.1:
    version "5.0.1"
    resolved "https://registry.npmjs.org/to-regex-range/-/to-regex-range-5.0.1.tgz"
    integrity sha512-65P7iz6X5yEr1cwcgvQxbbIw7Uk3gOy5dIdtZ4rDveLqhrdJP+Li/Hx6tyK0NEb+2GCyneCMJiGqrADCSNk8sQ==
    dependencies:
      is-number "^7.0.0"
  
  toidentifier@1.0.1:
    version "1.0.1"
    resolved "https://registry.npmjs.org/toidentifier/-/toidentifier-1.0.1.tgz"
    integrity sha512-o5sSPKEkg/DIQNmH43V0/uerLrpzVedkUh8tGNvaeXpfpuwjKenlSox/2O/BTlZUtEe+JG7s5YhEz608PlAHRA==
  
  token-stream@1.0.0:
    version "1.0.0"
    resolved "https://registry.npmjs.org/token-stream/-/token-stream-1.0.0.tgz"
    integrity sha1-zCAOqyYT9BZtJ/+a/HylbUnfbrQ= sha512-VSsyNPPW74RpHwR8Fc21uubwHY7wMDeJLys2IX5zJNih+OnAnaifKHo+1LHT7DAdloQ7apeaaWg8l7qnf/TnEg==
  
  tr46@~0.0.3:
    version "0.0.3"
    resolved "https://registry.npmjs.org/tr46/-/tr46-0.0.3.tgz"
    integrity sha1-gYT9NH2snNwYWZLzpmIuFLnZq2o= sha512-N3WMsuqV66lT30CrXNbEjx4GEwlow3v6rr4mCcv6prnfwhS01rkgyFdjPNBYd9br7LpXV1+Emh01fHnq2Gdgrw==
  
  tunnel-agent@^0.6.0:
    version "0.6.0"
    resolved "https://registry.npmjs.org/tunnel-agent/-/tunnel-agent-0.6.0.tgz"
    integrity sha1-J6XeoGs2sEoKmWZ3SykIaPD8QP0= sha512-McnNiV1l8RYeY8tBgEpuodCC1mLUdbSN+CYBL7kJsJNInOP8UjDDEwdk6Mw60vdLLrr5NHKZhMAOSrR2NZuQ+w==
    dependencies:
      safe-buffer "^5.0.1"
  
  ua-parser-js@1.0.2:
    version "1.0.2"
    resolved "https://registry.npmjs.org/ua-parser-js/-/ua-parser-js-1.0.2.tgz"
    integrity sha512-00y/AXhx0/SsnI51fTc0rLRmafiGOM4/O+ny10Ps7f+j/b8p/ZY11ytMgznXkOVo4GQ+KwQG5UQLkLGirsACRg==
  
  uc.micro@^1.0.1, uc.micro@^1.0.5:
    version "1.0.6"
    resolved "https://registry.npmjs.org/uc.micro/-/uc.micro-1.0.6.tgz"
    integrity sha512-8Y75pvTYkLJW2hWQHXxoqRgV7qb9B+9vFEtidML+7koHUFapnVJAZ6cKs+Qjz5Aw3aZWHMC6u0wJE3At+nSGwA==
  
  uglify-js@^3.1.4, uglify-js@^3.5.1:
    version "3.14.5"
    resolved "https://registry.npmjs.org/uglify-js/-/uglify-js-3.14.5.tgz"
    integrity sha512-qZukoSxOG0urUTvjc2ERMTcAy+BiFh3weWAkeurLwjrCba73poHmG3E36XEjd/JGukMzwTL7uCxZiAexj8ppvQ==
  
  unbox-primitive@^1.0.1:
    version "1.0.1"
    resolved "https://registry.npmjs.org/unbox-primitive/-/unbox-primitive-1.0.1.tgz"
    integrity sha512-tZU/3NqK3dA5gpE1KtyiJUrEB0lxnGkMFHptJ7q6ewdZ8s12QrODwNbhIJStmJkd1QDXa1NRA8aF2A1zk/Ypyw==
    dependencies:
      function-bind "^1.1.1"
      has-bigints "^1.0.1"
      has-symbols "^1.0.2"
      which-boxed-primitive "^1.0.2"
  
  unc-path-regex@^0.1.2:
    version "0.1.2"
    resolved "https://registry.npmjs.org/unc-path-regex/-/unc-path-regex-0.1.2.tgz"
    integrity sha1-5z3T17DXxe2G+6xrCufYxqadUPo= sha512-eXL4nmJT7oCpkZsHZUOJo8hcX3GbsiDOa0Qu9F646fi8dT3XuSVopVqAcEiVzSKKH7UoDti23wNX3qGFxcW5Qg==
  
  universalify@^0.1.0:
    version "0.1.2"
    resolved "https://registry.npmjs.org/universalify/-/universalify-0.1.2.tgz"
    integrity sha512-rBJeI5CXAlmy1pV+617WB9J63U6XcazHHF2f2dbJix4XzpUF0RS3Zbj0FGIOCAva5P/d/GBOYaACQ1w+0azUkg==
  
  unpipe@~1.0.0, unpipe@1.0.0:
    version "1.0.0"
    resolved "https://registry.npmjs.org/unpipe/-/unpipe-1.0.0.tgz"
    integrity sha1-sr9O6FFKrmFltIF4KdIbLvSZBOw= sha512-pjy2bYhSsufwWlKwPc+l3cN7+wuJlK6uz0YdJEOlQDbl6jo/YlPi4mb8agUkVC8BF7V8NuzeyPNqRksA3hztKQ==
  
  upper-case@^1.1.1:
    version "1.1.3"
    resolved "https://registry.npmjs.org/upper-case/-/upper-case-1.1.3.tgz"
    integrity sha1-9rRQHC7EzdJrp4vnIilh3ndiFZg= sha512-WRbjgmYzgXkCV7zNVpy5YgrHgbBv126rMALQQMrmzOVC4GM2waQ9x7xtm8VU+1yF2kWyPzI9zbZ48n4vSxwfSA==
  
  util-deprecate@^1.0.1, util-deprecate@~1.0.1:
    version "1.0.2"
    resolved "https://registry.npmjs.org/util-deprecate/-/util-deprecate-1.0.2.tgz"
    integrity sha1-RQ1Nyfpw3nMnYvvS1KKJgUGaDM8= sha512-EPD5q1uXyFxJpCrLnCc1nHnq3gOa6DZBocAIiI2TaSCA7VCJ1UJDMagCzIkXNsUYfD1daK//LTEQ8xiIbrHtcw==
  
  utils-merge@1.0.1:
    version "1.0.1"
    resolved "https://registry.npmjs.org/utils-merge/-/utils-merge-1.0.1.tgz"
    integrity sha1-n5VxD1CiZ5R7LMwSR0HBAoQn5xM= sha512-pMZTvIkT1d+TFGvDOqodOclx0QWkkgi6Tdoa8gC8ffGAAqz9pzPTZWAybbsHHoED/ztMtkv/VoYTYyShUn81hA==
  
  valid-url@^1.0.9:
    version "1.0.9"
    resolved "https://registry.npmjs.org/valid-url/-/valid-url-1.0.9.tgz"
    integrity sha1-HBRHm0DxOXp1eC8RXkCGRHQzogA= sha512-QQDsV8OnSf5Uc30CKSwG9lnhMPe6exHtTXLRYX8uMwKENy640pU+2BgBL0LRbDh/eYRahNCS7aewCx0wf3NYVA==
  
  validate-npm-package-license@^3.0.1:
    version "3.0.4"
    resolved "https://registry.npmjs.org/validate-npm-package-license/-/validate-npm-package-license-3.0.4.tgz"
    integrity sha512-DpKm2Ui/xN7/HQKCtpZxoRWBhZ9Z0kqtygG8XCgNQ8ZlDnxuQmWhj566j8fN4Cu3/JmbhsDo7fcAJq4s9h27Ew==
    dependencies:
      spdx-correct "^3.0.0"
      spdx-expression-parse "^3.0.0"
  
  void-elements@^3.1.0:
    version "3.1.0"
    resolved "https://registry.npmjs.org/void-elements/-/void-elements-3.1.0.tgz"
    integrity sha1-YU9/v42AHwu18GYfWy9XhXUOTwk= sha512-Dhxzh5HZuiHQhbvTW9AMetFfBHDMYpo23Uo9btPXgdYP+3T5S+p+jgNy7spra+veYhBP2dCSgxR/i2Y02h5/6w==
  
  webidl-conversions@^3.0.0:
    version "3.0.1"
    resolved "https://registry.npmjs.org/webidl-conversions/-/webidl-conversions-3.0.1.tgz"
    integrity sha1-JFNCdeKnvGvnvIZhHMFq4KVlSHE= sha512-2JAn3z8AR6rjK8Sm8orRC0h/bcl/DqL7tRPdGZ4I1CjdF+EaMLmYxBHyXuKL849eucPFhvBoxMsflfOb8kxaeQ==
  
  whatwg-url@^5.0.0:
    version "5.0.0"
    resolved "https://registry.npmjs.org/whatwg-url/-/whatwg-url-5.0.0.tgz"
    integrity sha1-lmRU6HZUYuN2RNNib2dCzotwll0= sha512-saE57nupxk6v3HY35+jzBwYa0rKSy0XR8JSxZPwgLr7ys0IBzhGviA1/TUGJLmSVqs8pb9AnvICXEuOHLprYTw==
    dependencies:
      tr46 "~0.0.3"
      webidl-conversions "^3.0.0"
  
  which-boxed-primitive@^1.0.2:
    version "1.0.2"
    resolved "https://registry.npmjs.org/which-boxed-primitive/-/which-boxed-primitive-1.0.2.tgz"
    integrity sha512-bwZdv0AKLpplFY2KZRX6TvyuN7ojjr7lwkg6ml0roIy9YeuSr7JS372qlNW18UQYzgYK9ziGcerWqZOmEn9VNg==
    dependencies:
      is-bigint "^1.0.1"
      is-boolean-object "^1.1.0"
      is-number-object "^1.0.4"
      is-string "^1.0.5"
      is-symbol "^1.0.3"
  
  which-module@^2.0.0:
    version "2.0.0"
    resolved "https://registry.npmjs.org/which-module/-/which-module-2.0.0.tgz"
    integrity sha1-2e8H3Od7mQK4o6j6SzHD4/fm6Ho= sha512-B+enWhmw6cjfVC7kS8Pj9pCrKSc5txArRyaYGe088shv/FGWH+0Rjx/xPgtsWfsUtS27FkP697E4DDhgrgoc0Q==
  
  which@^1.2.9:
    version "1.3.1"
    resolved "https://registry.npmjs.org/which/-/which-1.3.1.tgz"
    integrity sha512-HxJdYWq1MTIQbJ3nw0cqssHoTNU267KlrDuGZ1WYlxDStUtKUhOaJmh112/TZmHxxUfuJqPXSOm7tDyas0OSIQ==
    dependencies:
      isexe "^2.0.0"
  
  wide-align@^1.1.0:
    version "1.1.5"
    resolved "https://registry.npmjs.org/wide-align/-/wide-align-1.1.5.tgz"
    integrity sha512-eDMORYaPNZ4sQIuuYPDHdQvf4gyCF9rEEV/yPxGfwPkRodwEgiMUUXTx/dex+Me0wxx53S+NgUHaP7y3MGlDmg==
    dependencies:
      string-width "^1.0.2 || 2 || 3 || 4"
  
  with@^7.0.0:
    version "7.0.2"
    resolved "https://registry.npmjs.org/with/-/with-7.0.2.tgz"
    integrity sha512-RNGKj82nUPg3g5ygxkQl0R937xLyho1J24ItRCBTr/m1YnZkzJy1hUiHUJrc/VlsDQzsCnInEGSg3bci0Lmd4w==
    dependencies:
      "@babel/parser" "^7.9.6"
      "@babel/types" "^7.9.6"
      assert-never "^1.2.1"
      babel-walk "3.0.0-canary-5"
  
  wordwrap@^1.0.0:
    version "1.0.0"
    resolved "https://registry.npmjs.org/wordwrap/-/wordwrap-1.0.0.tgz"
    integrity sha1-J1hIEIkUVqQXHI0CJkQa3pDLyus= sha512-gvVzJFlPycKc5dZN4yPkP8w7Dc37BtP1yczEneOb4uq34pXZcvrtRTmWV8W+Ume+XCxKgbjM+nevkyFPMybd4Q==
  
  wrap-ansi@^6.2.0:
    version "6.2.0"
    resolved "https://registry.npmjs.org/wrap-ansi/-/wrap-ansi-6.2.0.tgz"
    integrity sha512-r6lPcBGxZXlIcymEu7InxDMhdW0KDxpLgoFLcguasxCaJ/SOIZwINatK9KY/tf+ZrlywOKU0UDj3ATXUBfxJXA==
    dependencies:
      ansi-styles "^4.0.0"
      string-width "^4.1.0"
      strip-ansi "^6.0.0"
  
  wrap-ansi@^7.0.0:
    version "7.0.0"
    resolved "https://registry.npmjs.org/wrap-ansi/-/wrap-ansi-7.0.0.tgz"
    integrity sha512-YVGIj2kamLSTxw6NsZjoBxfSwsn0ycdesmc4p+Q21c5zPuZ1pl+NfxVdxPtdHvmNVOQ6XSYG4AUtyt/Fi7D16Q==
    dependencies:
      ansi-styles "^4.0.0"
      string-width "^4.1.0"
      strip-ansi "^6.0.0"
  
  wrappy@1:
    version "1.0.2"
    resolved "https://registry.npmjs.org/wrappy/-/wrappy-1.0.2.tgz"
    integrity sha1-tSQ9jz7BqjXxNkYFvA0QNuMKtp8= sha512-l4Sp/DRseor9wL6EvV2+TuQn63dMkPjZ/sp9XkghTEbV9KlPS1xUsZ3u7/IQO4wxtcFB4bgpQPRcR3QCvezPcQ==
  
  ws@~7.4.2:
    version "7.4.6"
    resolved "https://registry.npmjs.org/ws/-/ws-7.4.6.tgz"
    integrity sha512-YmhHDO4MzaDLB+M9ym/mDA5z0naX8j7SIlT8f8z+I0VtzsRbekxEutHSme7NPS2qE8StCYQNUnfWdXta/Yu85A==
  
  xmlhttprequest-ssl@~1.6.2:
    version "1.6.3"
    resolved "https://registry.npmjs.org/xmlhttprequest-ssl/-/xmlhttprequest-ssl-1.6.3.tgz"
    integrity sha512-3XfeQE/wNkvrIktn2Kf0869fC0BN6UpydVasGIeSm2B1Llihf7/0UfZM+eCkOw3P7bP4+qPgqhm7ZoxuJtFU0Q==
  
  y18n@^4.0.0:
    version "4.0.3"
    resolved "https://registry.npmjs.org/y18n/-/y18n-4.0.3.tgz"
    integrity sha512-JKhqTOwSrqNA1NY5lSztJ1GrBiUodLMmIZuLiDaMRJ+itFd+ABVE8XBjOvIWL+rSqNDC74LCSFmlb/U4UZ4hJQ==
  
  y18n@^5.0.5:
    version "5.0.8"
    resolved "https://registry.npmjs.org/y18n/-/y18n-5.0.8.tgz"
    integrity sha512-0pfFzegeDWJHJIAmTLRP2DwHjdF5s7jo9tuztdQxAhINCdvS+3nGINqPd00AphqJR/0LhANUS6/+7SCb98YOfA==
  
  yallist@^2.1.2:
    version "2.1.2"
    resolved "https://registry.npmjs.org/yallist/-/yallist-2.1.2.tgz"
    integrity sha1-HBH5IY8HYImkfdUS+TxmmaaoHVI= sha512-ncTzHV7NvsQZkYe1DW7cbDLm0YpzHmZF5r/iyP3ZnQtMiJ+pjzisCiMNI+Sj+xQF5pXhSHxSB3uDbsBTzY/c2A==
  
  yallist@^4.0.0:
    version "4.0.0"
    resolved "https://registry.npmjs.org/yallist/-/yallist-4.0.0.tgz"
    integrity sha512-3wdGidZyq5PB084XLES5TpOSRA3wjXAlIWMhum2kRcv/41Sn2emQ0dycQW4uZXLejwKvg6EsvbdlVL+FYEct7A==
  
  yargs-parser@^18.1.2:
    version "18.1.3"
    resolved "https://registry.npmjs.org/yargs-parser/-/yargs-parser-18.1.3.tgz"
    integrity sha512-o50j0JeToy/4K6OZcaQmW6lyXXKhq7csREXcDwk2omFPJEwUNOVtJKvmDr9EI1fAJZUyZcRF7kxGBWmRXudrCQ==
    dependencies:
      camelcase "^5.0.0"
      decamelize "^1.2.0"
  
  yargs-parser@^20.2.2:
    version "20.2.9"
    resolved "https://registry.npmjs.org/yargs-parser/-/yargs-parser-20.2.9.tgz"
    integrity sha512-y11nGElTIV+CT3Zv9t7VKl+Q3hTQoT9a1Qzezhhl6Rp21gJ/IVTW7Z3y9EWXhuUBC2Shnf+DX0antecpAwSP8w==
  
  yargs@^15.4.1:
    version "15.4.1"
    resolved "https://registry.npmjs.org/yargs/-/yargs-15.4.1.tgz"
    integrity sha512-aePbxDmcYW++PaqBsJ+HYUFwCdv4LVvdnhBy78E57PIor8/OVvhMrADFFEDh8DHDFRv/O9i3lPhsENjO7QX0+A==
    dependencies:
      cliui "^6.0.0"
      decamelize "^1.2.0"
      find-up "^4.1.0"
      get-caller-file "^2.0.1"
      require-directory "^2.1.1"
      require-main-filename "^2.0.0"
      set-blocking "^2.0.0"
      string-width "^4.2.0"
      which-module "^2.0.0"
      y18n "^4.0.0"
      yargs-parser "^18.1.2"
  
  yargs@17.1.1:
    version "17.1.1"
    resolved "https://registry.npmjs.org/yargs/-/yargs-17.1.1.tgz"
    integrity sha512-c2k48R0PwKIqKhPMWjeiF6y2xY/gPMUlro0sgxqXpbOIohWiLNXWslsootttv7E1e73QPAMQSg5FeySbVcpsPQ==
    dependencies:
      cliui "^7.0.2"
      escalade "^3.1.1"
      get-caller-file "^2.0.5"
      require-directory "^2.1.1"
      string-width "^4.2.0"
      y18n "^5.0.5"
      yargs-parser "^20.2.2"
  
  yeast@0.1.2:
    version "0.1.2"
    resolved "https://registry.npmjs.org/yeast/-/yeast-0.1.2.tgz"
    integrity sha1-AI4G2AlDIMNy28L47XagymyKxBk= sha512-8HFIh676uyGYP6wP13R/j6OJ/1HwJ46snpvzE7aHAN3Ryqh2yX6Xox2B4CUmTwwOIzlG3Bs7ocsP5dZH/R1Qbg==
